order_item_id,order_id,product_id,quantity,unit_price,discount_pct
1,1,136,1,3299.0,5
2,2,106,1,1069.0,0
3,3,127,1,3449.0,0
4,4,71,1,2909.0,20
5,4,129,1,3769.0,5
6,4,16,3,3969.0,0
7,5,57,1,4689.0,0
8,6,51,1,549.0,0
9,6,29,1,1269.0,0
10,7,54,3,2299.0,5
11,7,146,1,369.0,0
12,8,137,1,3509.0,0
13,9,121,1,3789.0,0
14,10,50,1,529.0,0
15,10,93,1,589.0,20
16,11,168,1,149.0,0
17,12,43,1,1839.0,0
18,13,170,1,489.0,0
19,13,68,1,2859.0,5
20,13,122,1,3689.0,0
21,14,19,1,2389.0,0
22,14,42,1,1929.0,0
23,15,154,1,519.0,0
24,15,144,3,2009.0,0
25,15,171,1,499.0,0
26,15,102,1,429.0,5
27,16,31,1,2199.0,0
28,16,160,1,229.0,0
29,17,66,1,1439.0,0
30,17,101,1,1219.0,5
31,18,153,1,689.0,0
32,18,1,1,2759.0,0
33,19,67,1,629.0,15
34,20,153,1,689.0,0
35,20,175,1,409.0,0
36,21,7,1,5139.0,15
37,22,46,2,959.0,10
38,22,124,1,1869.0,0
39,22,118,1,479.0,0
40,23,44,1,3769.0,0
41,23,157,2,129.0,20
42,24,116,1,1469.0,5
43,25,15,1,3889.0,10
44,25,159,1,439.0,0
45,26,73,1,1079.0,0
46,27,147,2,3339.0,10
47,28,135,1,1609.0,0
48,28,18,1,5829.0,15
49,28,142,1,1669.0,0
50,29,69,1,1709.0,10
51,29,55,1,1459.0,0
52,29,8,1,1759.0,0
53,30,177,1,639.0,0
54,31,22,1,989.0,0
55,31,66,1,1439.0,10
56,32,95,1,1029.0,0
57,32,6,2,919.0,0
58,33,111,1,1249.0,10
59,33,26,1,5849.0,10
60,33,64,1,2519.0,0
61,33,152,1,539.0,0
62,34,72,1,1649.0,0
63,34,28,1,3919.0,0
64,35,65,1,329.0,15
65,35,74,2,1959.0,0
66,35,92,1,1689.0,20
67,35,172,2,249.0,0
68,36,40,1,2059.0,0
69,36,162,1,639.0,0
70,36,23,1,2159.0,20
71,37,7,1,5139.0,5
72,37,21,1,1439.0,0
73,38,134,1,2869.0,0
74,38,114,1,1769.0,0
75,38,90,1,2839.0,15
76,38,111,2,1249.0,0
77,39,163,1,869.0,20
78,39,167,1,119.0,0
79,40,169,3,789.0,15
80,40,15,1,3889.0,0
81,41,88,2,2049.0,0
82,41,149,1,3149.0,0
83,41,61,3,2489.0,0
84,41,147,3,3339.0,10
85,42,95,1,1029.0,0
86,42,160,1,229.0,0
87,42,145,1,1329.0,0
88,43,86,1,2139.0,0
89,43,119,1,619.0,5
90,44,125,1,3869.0,0
91,44,134,1,2869.0,10
92,45,101,1,1219.0,10
93,45,31,2,2199.0,20
94,46,136,1,3299.0,0
95,47,166,1,389.0,10
96,47,77,1,699.0,0
97,48,101,2,1219.0,5
98,48,55,1,1459.0,0
99,48,150,1,2599.0,10
100,48,103,1,1159.0,0
101,49,58,3,3319.0,0
102,49,35,1,749.0,0
103,49,156,1,459.0,0
104,50,154,1,519.0,0
105,50,20,1,4369.0,0
106,51,144,2,2009.0,0
107,52,34,1,1059.0,0
108,52,89,1,2179.0,15
109,53,161,1,549.0,0
110,53,27,1,5699.0,0
111,54,140,1,2889.0,0
112,54,145,1,1329.0,0
113,55,155,1,749.0,0
114,55,39,1,3959.0,0
115,55,79,1,2119.0,0
116,55,132,1,789.0,10
117,56,112,1,309.0,10
118,56,63,1,929.0,0
119,56,19,1,2389.0,15
120,57,112,3,309.0,20
121,58,105,1,169.0,20
122,58,38,1,3659.0,0
123,58,24,2,2429.0,0
124,59,101,2,1219.0,0
125,60,75,2,449.0,10
126,60,90,1,2839.0,0
127,60,4,1,1109.0,0
128,61,177,1,639.0,0
129,61,170,1,489.0,10
130,62,166,1,389.0,0
131,63,52,1,1859.0,0
132,64,178,1,169.0,0
133,65,142,1,1669.0,5
134,66,70,1,1289.0,5
135,66,20,1,4369.0,5
136,67,143,2,2429.0,10
137,67,44,1,3769.0,0
138,68,11,1,3989.0,0
139,68,96,1,309.0,0
140,68,98,1,719.0,10
141,69,10,1,3059.0,5
142,69,119,2,619.0,0
143,70,178,1,169.0,5
144,70,37,2,439.0,20
145,70,167,1,119.0,5
146,70,75,1,449.0,5
147,71,152,1,539.0,10
148,71,143,1,2429.0,20
149,72,35,1,749.0,5
150,72,11,1,3989.0,10
151,73,7,1,5139.0,10
152,73,24,1,2429.0,0
153,73,131,2,2569.0,0
154,73,154,2,519.0,15
155,74,160,2,229.0,0
156,75,128,2,899.0,0
157,76,156,2,459.0,15
158,77,157,1,129.0,0
159,78,137,1,3509.0,0
160,79,11,1,3989.0,0
161,79,123,3,319.0,10
162,80,48,2,3959.0,0
163,81,96,3,309.0,5
164,82,21,2,1439.0,0
165,83,29,1,1269.0,0
166,83,85,1,419.0,0
167,84,84,1,1179.0,20
168,84,158,1,779.0,0
169,85,29,1,1269.0,5
170,85,13,2,3179.0,5
171,86,124,1,1869.0,5
172,86,137,1,3509.0,5
173,87,149,1,3149.0,0
174,88,2,1,4619.0,5
175,89,180,3,859.0,10
176,90,81,3,1299.0,10
177,91,143,1,2429.0,0
178,92,27,2,5699.0,0
179,93,103,2,1159.0,0
180,94,123,1,319.0,0
181,95,56,1,1739.0,5
182,95,61,2,2489.0,0
183,96,24,1,2429.0,5
184,97,140,1,2889.0,0
185,97,22,1,989.0,0
186,98,57,2,4689.0,0
187,98,142,2,1669.0,0
188,99,161,1,549.0,10
189,100,75,1,449.0,0
190,101,59,1,4109.0,0
191,102,66,1,1439.0,0
192,103,79,1,2119.0,0
193,104,77,2,699.0,0
194,104,27,2,5699.0,0
195,105,50,1,529.0,0
196,106,100,2,1619.0,5
197,106,47,1,3909.0,10
198,106,46,1,959.0,5
199,107,82,1,2019.0,0
200,107,144,1,2009.0,0
201,107,77,1,699.0,5
202,108,7,1,5139.0,0
203,108,14,3,1849.0,10
204,109,66,1,1439.0,0
205,109,24,1,2429.0,15
206,109,159,1,439.0,0
207,109,32,1,4219.0,0
208,110,44,1,3769.0,0
209,111,86,1,2139.0,15
210,111,166,2,389.0,0
211,111,15,1,3889.0,0
212,112,80,1,949.0,0
213,113,24,1,2429.0,0
214,113,135,1,1609.0,15
215,113,63,1,929.0,5
216,113,39,1,3959.0,0
217,114,117,2,1109.0,0
218,115,54,1,2299.0,0
219,116,150,1,2599.0,15
220,117,100,1,1619.0,0
221,118,91,1,719.0,10
222,118,136,1,3299.0,0
223,119,29,1,1269.0,0
224,119,117,1,1109.0,5
225,119,19,1,2389.0,0
226,119,38,1,3659.0,15
227,120,64,1,2519.0,0
228,120,13,1,3179.0,0
229,121,90,1,2839.0,5
230,121,95,1,1029.0,0
231,122,130,1,2399.0,0
232,122,82,1,2019.0,0
233,122,167,1,119.0,15
234,123,111,1,1249.0,15
235,124,136,1,3299.0,0
236,124,155,1,749.0,15
237,124,107,1,1239.0,0
238,124,167,1,119.0,5
239,125,63,2,929.0,0
240,126,150,1,2599.0,0
241,126,90,1,2839.0,0
242,126,22,1,989.0,15
243,127,70,1,1289.0,10
244,128,86,1,2139.0,5
245,128,100,3,1619.0,0
246,129,149,2,3149.0,0
247,130,6,1,919.0,0
248,131,6,1,919.0,0
249,132,132,1,789.0,0
250,132,66,1,1439.0,0
251,132,136,2,3299.0,10
252,133,67,1,629.0,0
253,134,133,2,3549.0,0
254,134,122,1,3689.0,10
255,135,136,1,3299.0,0
256,135,1,1,2759.0,5
257,136,168,1,149.0,0
258,137,14,1,1849.0,0
259,138,58,1,3319.0,5
260,138,41,1,4379.0,0
261,138,28,1,3919.0,0
262,138,130,1,2399.0,20
263,139,153,1,689.0,0
264,140,67,1,629.0,0
265,141,118,1,479.0,0
266,142,93,1,589.0,0
267,142,171,2,499.0,10
268,143,61,1,2489.0,10
269,143,148,1,739.0,0
270,144,28,1,3919.0,0
271,144,66,1,1439.0,0
272,144,98,1,719.0,0
273,145,15,1,3889.0,5
274,145,81,2,1299.0,0
275,145,60,1,4519.0,0
276,145,110,1,1229.0,0
277,146,47,3,3909.0,0
278,146,64,1,2519.0,0
279,147,21,1,1439.0,15
280,147,20,1,4369.0,0
281,148,151,1,149.0,0
282,149,25,3,3649.0,0
283,149,31,1,2199.0,0
284,150,128,2,899.0,5
285,150,82,1,2019.0,20
286,151,128,1,899.0,10
287,152,145,1,1329.0,0
288,152,130,1,2399.0,0
289,152,137,1,3509.0,15
290,152,63,3,929.0,0
291,153,20,1,4369.0,10
292,154,67,1,629.0,0
293,154,133,2,3549.0,10
294,154,137,1,3509.0,0
295,154,10,1,3059.0,5
296,155,118,1,479.0,0
297,156,57,2,4689.0,0
298,156,59,1,4109.0,20
299,156,74,1,1959.0,0
300,156,53,1,4579.0,0
301,157,18,1,5829.0,5
302,157,33,1,1699.0,0
303,158,151,1,149.0,10
304,159,29,1,1269.0,5
305,159,76,1,2759.0,15
306,159,2,1,4619.0,0
307,160,124,1,1869.0,0
308,160,65,1,329.0,0
309,161,15,1,3889.0,5
310,161,107,3,1239.0,5
311,161,170,2,489.0,5
312,162,31,1,2199.0,15
313,162,115,1,1629.0,5
314,162,134,1,2869.0,5
315,163,69,2,1709.0,0
316,164,42,1,1929.0,0
317,164,68,1,2859.0,0
318,164,119,1,619.0,0
319,165,83,3,549.0,0
320,165,95,1,1029.0,10
321,165,107,1,1239.0,0
322,166,128,1,899.0,0
323,166,125,1,3869.0,0
324,166,180,1,859.0,0
325,166,79,1,2119.0,0
326,167,26,1,5849.0,5
327,167,67,2,629.0,5
328,168,94,1,1509.0,0
329,168,28,2,3919.0,0
330,168,56,1,1739.0,0
331,169,34,1,1059.0,20
332,169,126,3,1359.0,10
333,169,105,1,169.0,0
334,170,57,1,4689.0,0
335,170,67,1,629.0,0
336,171,114,1,1769.0,0
337,172,88,1,2049.0,20
338,172,126,1,1359.0,0
339,173,36,1,3959.0,0
340,173,161,2,549.0,0
341,174,81,2,1299.0,0
342,174,68,1,2859.0,0
343,174,165,1,449.0,0
344,175,38,1,3659.0,0
345,175,91,1,719.0,0
346,176,107,1,1239.0,0
347,176,157,1,129.0,0
348,176,69,1,1709.0,10
349,176,91,1,719.0,5
350,177,124,1,1869.0,0
351,177,140,2,2889.0,0
352,178,5,1,3939.0,10
353,178,29,1,1269.0,15
354,179,126,1,1359.0,0
355,180,104,1,329.0,15
356,180,76,1,2759.0,5
357,181,12,1,2329.0,0
358,182,136,1,3299.0,0
359,183,118,1,479.0,0
360,183,36,1,3959.0,0
361,184,176,1,509.0,10
362,185,5,1,3939.0,0
363,186,80,1,949.0,0
364,186,171,1,499.0,5
365,187,14,1,1849.0,0
366,188,149,1,3149.0,0
367,189,106,1,1069.0,10
368,190,81,1,1299.0,5
369,190,172,1,249.0,5
370,191,134,1,2869.0,0
371,191,54,1,2299.0,0
372,191,98,1,719.0,0
373,191,33,1,1699.0,0
374,192,98,1,719.0,20
375,192,46,1,959.0,0
376,192,53,1,4579.0,0
377,192,167,1,119.0,15
378,193,15,1,3889.0,0
379,193,148,1,739.0,0
380,193,22,1,989.0,10
381,194,5,1,3939.0,0
382,194,41,1,4379.0,10
383,195,174,2,619.0,5
384,196,41,1,4379.0,0
385,196,96,3,309.0,15
386,196,46,3,959.0,0
387,197,107,1,1239.0,0
388,197,101,1,1219.0,0
389,197,17,1,1149.0,0
390,198,108,1,1339.0,0
391,198,59,1,4109.0,0
392,198,129,1,3769.0,5
393,198,104,1,329.0,0
394,199,30,1,1049.0,5
395,200,140,1,2889.0,20
396,201,166,1,389.0,0
397,201,33,1,1699.0,0
398,201,80,1,949.0,0
399,202,96,1,309.0,0
400,203,126,1,1359.0,0
401,203,101,2,1219.0,0
402,204,110,1,1229.0,0
403,204,77,1,699.0,0
404,204,98,2,719.0,0
405,205,38,1,3659.0,0
406,206,174,1,619.0,0
407,206,41,1,4379.0,0
408,207,176,3,509.0,0
409,208,64,1,2519.0,0
410,209,122,1,3689.0,0
411,210,73,1,1079.0,5
412,211,142,1,1669.0,10
413,212,126,1,1359.0,0
414,212,50,1,529.0,0
415,213,33,1,1699.0,0
416,213,149,1,3149.0,0
417,214,139,1,3249.0,0
418,215,146,1,369.0,0
419,216,85,1,419.0,0
420,216,111,1,1249.0,0
421,216,86,1,2139.0,0
422,217,146,1,369.0,0
423,217,163,1,869.0,0
424,218,179,1,129.0,0
425,218,121,3,3789.0,5
426,218,11,1,3989.0,0
427,218,24,1,2429.0,0
428,219,5,2,3939.0,10
429,219,73,1,1079.0,0
430,220,148,1,739.0,20
431,220,145,1,1329.0,0
432,221,82,1,2019.0,5
433,221,10,1,3059.0,0
434,221,140,1,2889.0,0
435,222,165,1,449.0,0
436,223,25,1,3649.0,5
437,223,164,2,549.0,10
438,224,88,1,2049.0,10
439,225,133,2,3549.0,0
440,225,178,1,169.0,10
441,226,72,1,1649.0,10
442,227,109,1,699.0,0
443,228,58,1,3319.0,0
444,229,119,2,619.0,0
445,230,31,1,2199.0,0
446,230,172,1,249.0,0
447,230,140,1,2889.0,0
448,231,112,1,309.0,10
449,232,4,1,1109.0,10
450,232,24,1,2429.0,10
451,233,48,1,3959.0,5
452,234,116,2,1469.0,0
453,235,47,1,3909.0,0
454,236,84,1,1179.0,0
455,237,47,1,3909.0,5
456,238,20,1,4369.0,0
457,239,22,1,989.0,0
458,239,117,1,1109.0,0
459,240,110,1,1229.0,5
460,241,35,1,749.0,0
461,241,39,1,3959.0,15
462,241,125,1,3869.0,5
463,241,146,1,369.0,0
464,242,110,1,1229.0,0
465,243,13,1,3179.0,0
466,243,142,1,1669.0,0
467,243,84,2,1179.0,5
468,244,63,1,929.0,0
469,245,135,1,1609.0,0
470,245,161,1,549.0,0
471,245,52,1,1859.0,10
472,246,24,2,2429.0,0
473,247,81,1,1299.0,20
474,248,174,2,619.0,0
475,248,33,1,1699.0,0
476,249,108,3,1339.0,15
477,249,100,1,1619.0,0
478,249,38,1,3659.0,0
479,250,75,1,449.0,0
480,251,164,1,549.0,0
481,252,45,1,4489.0,0
482,253,4,1,1109.0,0
483,253,76,1,2759.0,0
484,254,5,1,3939.0,15
485,255,40,1,2059.0,0
486,255,9,1,2389.0,0
487,256,74,1,1959.0,0
488,257,36,1,3959.0,0
489,257,125,1,3869.0,5
490,258,135,1,1609.0,5
491,258,171,1,499.0,0
492,258,37,1,439.0,20
493,258,161,1,549.0,15
494,259,159,1,439.0,0
495,260,73,1,1079.0,0
496,261,21,1,1439.0,5
497,261,176,1,509.0,0
498,261,18,1,5829.0,0
499,262,123,1,319.0,0
500,262,28,1,3919.0,0
501,263,137,3,3509.0,0
502,264,163,2,869.0,20
503,264,87,1,1689.0,0
504,264,111,1,1249.0,0
505,265,119,1,619.0,0
506,265,70,1,1289.0,0
507,266,160,1,229.0,20
508,266,108,1,1339.0,0
509,266,35,1,749.0,0
510,266,23,2,2159.0,0
511,267,130,1,2399.0,20
512,268,7,1,5139.0,0
513,269,162,1,639.0,0
514,269,114,1,1769.0,0
515,270,138,1,2179.0,0
516,270,155,1,749.0,20
517,271,99,1,1359.0,0
518,271,132,1,789.0,0
519,272,161,1,549.0,0
520,272,73,1,1079.0,0
521,273,49,1,2809.0,0
522,274,108,1,1339.0,10
523,274,87,1,1689.0,0
524,274,170,1,489.0,0
525,275,145,1,1329.0,0
526,276,21,1,1439.0,10
527,276,12,1,2329.0,0
528,276,169,1,789.0,0
529,276,161,1,549.0,0
530,277,111,1,1249.0,15
531,277,114,1,1769.0,5
532,277,140,1,2889.0,0
533,278,6,1,919.0,0
534,278,26,1,5849.0,15
535,278,174,1,619.0,0
536,278,116,1,1469.0,15
537,279,118,1,479.0,0
538,279,10,2,3059.0,0
539,280,49,3,2809.0,20
540,280,65,1,329.0,0
541,281,127,1,3449.0,0
542,282,26,2,5849.0,0
543,282,68,1,2859.0,0
544,282,5,2,3939.0,0
545,282,54,1,2299.0,0
546,283,114,1,1769.0,5
547,284,162,1,639.0,0
548,284,154,1,519.0,0
549,285,142,1,1669.0,0
550,285,90,1,2839.0,0
551,286,78,1,2969.0,0
552,286,39,1,3959.0,0
553,286,103,1,1159.0,0
554,287,88,1,2049.0,0
555,288,173,1,429.0,0
556,288,129,1,3769.0,20
557,289,31,1,2199.0,0
558,290,125,1,3869.0,0
559,290,14,1,1849.0,0
560,291,119,1,619.0,0
561,292,142,1,1669.0,0
562,292,167,1,119.0,0
563,293,82,1,2019.0,0
564,293,33,1,1699.0,0
565,293,93,1,589.0,0
566,294,60,1,4519.0,5
567,294,31,2,2199.0,5
568,294,80,3,949.0,10
569,295,161,1,549.0,0
570,295,127,1,3449.0,0
571,295,104,1,329.0,0
572,296,72,1,1649.0,0
573,297,90,1,2839.0,5
574,297,96,1,309.0,5
575,297,124,1,1869.0,0
576,297,93,1,589.0,10
577,298,79,1,2119.0,10
578,299,120,1,1229.0,5
579,299,106,1,1069.0,0
580,300,20,1,4369.0,0
581,300,12,3,2329.0,0
582,301,114,1,1769.0,0
583,301,20,1,4369.0,0
584,302,141,1,3599.0,0
585,302,127,1,3449.0,0
586,303,61,1,2489.0,0
587,303,80,1,949.0,0
588,304,61,1,2489.0,0
589,305,17,1,1149.0,15
590,305,76,1,2759.0,0
591,305,99,1,1359.0,0
592,305,10,2,3059.0,0
593,306,74,1,1959.0,0
594,307,34,1,1059.0,0
595,308,134,3,2869.0,0
596,309,17,1,1149.0,10
597,310,169,1,789.0,15
598,311,158,2,779.0,0
599,312,27,1,5699.0,20
600,313,125,1,3869.0,0
601,314,64,1,2519.0,0
602,314,103,1,1159.0,5
603,315,137,3,3509.0,0
604,316,62,1,1169.0,0
605,316,147,1,3339.0,5
606,317,29,2,1269.0,0
607,318,70,1,1289.0,0
608,318,54,1,2299.0,0
609,318,87,1,1689.0,0
610,319,26,1,5849.0,0
611,320,25,1,3649.0,0
612,320,102,1,429.0,0
613,320,17,1,1149.0,5
614,320,88,1,2049.0,15
615,321,107,1,1239.0,0
616,321,113,1,599.0,0
617,321,114,1,1769.0,10
618,322,117,1,1109.0,0
619,322,67,1,629.0,0
620,322,118,1,479.0,0
621,323,58,1,3319.0,0
622,323,88,1,2049.0,0
623,323,148,2,739.0,0
624,323,116,1,1469.0,10
625,324,155,2,749.0,0
626,324,83,1,549.0,0
627,324,175,1,409.0,5
628,324,59,1,4109.0,0
629,325,45,1,4489.0,0
630,325,105,1,169.0,0
631,326,78,2,2969.0,0
632,326,127,1,3449.0,5
633,326,50,1,529.0,15
634,326,164,1,549.0,0
635,327,146,1,369.0,0
636,327,71,1,2909.0,10
637,328,149,1,3149.0,0
638,328,71,1,2909.0,10
639,328,142,1,1669.0,15
640,329,134,1,2869.0,0
641,330,98,1,719.0,5
642,330,24,1,2429.0,0
643,331,36,1,3959.0,20
644,331,132,1,789.0,15
645,332,37,1,439.0,0
646,332,70,1,1289.0,0
647,333,46,1,959.0,0
648,334,17,1,1149.0,0
649,335,71,1,2909.0,15
650,335,5,1,3939.0,0
651,335,17,1,1149.0,0
652,336,80,1,949.0,0
653,336,171,1,499.0,0
654,336,153,1,689.0,0
655,337,120,1,1229.0,0
656,337,179,1,129.0,0
657,338,113,1,599.0,5
658,338,31,1,2199.0,0
659,339,16,1,3969.0,0
660,340,17,1,1149.0,0
661,341,6,1,919.0,10
662,342,24,1,2429.0,0
663,343,119,2,619.0,0
664,343,87,2,1689.0,15
665,343,165,1,449.0,10
666,343,114,1,1769.0,0
667,344,170,1,489.0,20
668,344,64,1,2519.0,5
669,345,107,2,1239.0,0
670,346,7,1,5139.0,20
671,347,42,1,1929.0,10
672,347,94,1,1509.0,0
673,348,67,1,629.0,15
674,348,159,1,439.0,0
675,348,58,2,3319.0,5
676,349,84,1,1179.0,5
677,349,98,1,719.0,0
678,349,74,1,1959.0,15
679,349,82,1,2019.0,0
680,350,35,1,749.0,0
681,350,7,1,5139.0,0
682,351,156,2,459.0,0
683,351,51,1,549.0,10
684,351,94,1,1509.0,0
685,351,33,1,1699.0,0
686,352,72,1,1649.0,0
687,352,83,1,549.0,0
688,353,53,1,4579.0,0
689,354,172,1,249.0,0
690,355,42,1,1929.0,0
691,356,150,1,2599.0,0
692,356,115,1,1629.0,10
693,357,35,1,749.0,0
694,358,112,1,309.0,0
695,359,47,1,3909.0,0
696,360,61,1,2489.0,10
697,361,13,1,3179.0,0
698,362,14,1,1849.0,0
699,363,8,1,1759.0,0
700,363,42,1,1929.0,0
701,364,58,1,3319.0,20
702,364,167,1,119.0,15
703,365,44,1,3769.0,0
704,366,12,1,2329.0,0
705,366,25,1,3649.0,0
706,366,164,1,549.0,10
707,367,17,1,1149.0,0
708,368,42,1,1929.0,0
709,368,27,1,5699.0,20
710,369,67,1,629.0,0
711,369,57,1,4689.0,0
712,370,39,1,3959.0,0
713,371,8,1,1759.0,0
714,372,4,1,1109.0,0
715,372,159,2,439.0,0
716,373,33,1,1699.0,15
717,374,93,1,589.0,0
718,374,160,1,229.0,0
719,375,40,2,2059.0,5
720,376,151,1,149.0,0
721,377,121,1,3789.0,0
722,377,149,2,3149.0,5
723,378,116,2,1469.0,0
724,379,19,1,2389.0,0
725,379,134,1,2869.0,0
726,379,49,2,2809.0,5
727,380,176,1,509.0,0
728,380,161,1,549.0,0
729,380,91,1,719.0,15
730,380,118,2,479.0,10
731,381,122,1,3689.0,0
732,382,123,1,319.0,0
733,383,100,1,1619.0,0
734,384,168,1,149.0,0
735,384,53,3,4579.0,0
736,385,171,1,499.0,0
737,386,168,1,149.0,0
738,386,159,2,439.0,0
739,386,149,1,3149.0,0
740,386,124,1,1869.0,0
741,387,133,1,3549.0,0
742,387,124,1,1869.0,0
743,388,169,1,789.0,0
744,388,175,2,409.0,0
745,389,96,1,309.0,0
746,389,4,1,1109.0,0
747,390,44,2,3769.0,0
748,391,49,1,2809.0,20
749,391,1,1,2759.0,0
750,391,2,3,4619.0,0
751,392,56,1,1739.0,0
752,392,134,3,2869.0,0
753,393,123,1,319.0,0
754,393,81,1,1299.0,0
755,393,55,1,1459.0,0
756,393,46,1,959.0,0
757,394,143,1,2429.0,5
758,395,107,1,1239.0,0
759,395,172,1,249.0,0
760,395,156,1,459.0,5
761,396,9,1,2389.0,10
762,396,147,2,3339.0,0
763,397,115,3,1629.0,5
764,398,89,1,2179.0,0
765,399,61,1,2489.0,0
766,400,88,1,2049.0,0
767,401,3,2,1619.0,0
768,402,127,1,3449.0,0
769,402,73,1,1079.0,10
770,403,144,1,2009.0,0
771,404,73,1,1079.0,10
772,404,103,1,1159.0,0
773,405,30,1,1049.0,0
774,405,180,2,859.0,15
775,406,75,1,449.0,10
776,407,167,1,119.0,0
777,408,162,1,639.0,5
778,409,40,1,2059.0,0
779,410,139,1,3249.0,0
780,410,158,1,779.0,0
781,410,145,1,1329.0,0
782,410,130,1,2399.0,0
783,411,173,1,429.0,0
784,411,24,1,2429.0,0
785,412,50,1,529.0,5
786,412,151,1,149.0,0
787,413,102,1,429.0,0
788,414,50,1,529.0,15
789,415,109,1,699.0,0
790,416,17,1,1149.0,15
791,416,1,1,2759.0,0
792,417,108,1,1339.0,10
793,418,37,1,439.0,0
794,419,141,1,3599.0,20
795,419,40,1,2059.0,0
796,420,56,1,1739.0,0
797,421,105,1,169.0,0
798,421,175,1,409.0,0
799,421,26,1,5849.0,0
800,422,119,2,619.0,0
801,422,153,1,689.0,0
802,422,127,1,3449.0,0
803,423,143,2,2429.0,0
804,423,66,1,1439.0,0
805,424,160,1,229.0,0
806,425,138,1,2179.0,0
807,426,93,1,589.0,5
808,426,72,1,1649.0,5
809,426,162,1,639.0,0
810,427,170,1,489.0,10
811,428,111,1,1249.0,0
812,428,12,3,2329.0,5
813,429,78,1,2969.0,0
814,429,114,1,1769.0,0
815,430,40,1,2059.0,0
816,430,142,2,1669.0,10
817,431,111,1,1249.0,0
818,432,163,1,869.0,10
819,432,23,1,2159.0,5
820,432,29,1,1269.0,15
821,433,26,1,5849.0,10
822,434,161,1,549.0,0
823,434,21,1,1439.0,0
824,434,130,1,2399.0,0
825,434,46,1,959.0,0
826,435,157,1,129.0,0
827,435,69,1,1709.0,0
828,436,133,1,3549.0,0
829,436,117,1,1109.0,0
830,436,38,1,3659.0,0
831,437,170,1,489.0,0
832,437,48,1,3959.0,0
833,438,97,1,1649.0,0
834,439,111,1,1249.0,5
835,439,10,1,3059.0,0
836,440,49,1,2809.0,0
837,440,53,1,4579.0,5
838,441,176,1,509.0,0
839,442,17,1,1149.0,5
840,442,102,1,429.0,0
841,442,65,3,329.0,0
842,442,98,1,719.0,0
843,443,53,1,4579.0,15
844,443,45,1,4489.0,0
845,444,95,1,1029.0,10
846,445,166,3,389.0,5
847,445,79,3,2119.0,10
848,446,163,1,869.0,10
849,446,61,1,2489.0,0
850,446,144,1,2009.0,0
851,446,11,3,3989.0,10
852,447,92,1,1689.0,5
853,447,99,1,1359.0,0
854,447,161,1,549.0,0
855,448,80,1,949.0,20
856,448,70,1,1289.0,0
857,449,19,1,2389.0,5
858,450,44,1,3769.0,0
859,451,44,1,3769.0,0
860,451,126,1,1359.0,5
861,451,152,1,539.0,0
862,451,84,1,1179.0,0
863,452,55,1,1459.0,0
864,452,31,1,2199.0,0
865,452,26,1,5849.0,0
866,452,99,1,1359.0,0
867,453,175,1,409.0,0
868,453,145,1,1329.0,0
869,454,22,3,989.0,0
870,455,170,2,489.0,0
871,455,77,1,699.0,0
872,455,75,1,449.0,0
873,456,4,1,1109.0,0
874,456,68,1,2859.0,0
875,456,11,1,3989.0,0
876,457,68,1,2859.0,0
877,457,16,1,3969.0,0
878,457,98,2,719.0,0
879,458,173,1,429.0,0
880,458,14,2,1849.0,5
881,459,78,1,2969.0,0
882,460,135,1,1609.0,10
883,460,99,1,1359.0,0
884,461,177,1,639.0,0
885,461,130,1,2399.0,0
886,462,92,1,1689.0,0
887,462,66,1,1439.0,20
888,463,40,1,2059.0,0
889,463,116,1,1469.0,10
890,464,172,1,249.0,5
891,465,131,1,2569.0,0
892,466,7,1,5139.0,0
893,466,113,1,599.0,15
894,467,58,1,3319.0,0
895,468,77,1,699.0,0
896,469,69,1,1709.0,0
897,470,75,1,449.0,0
898,470,72,1,1649.0,0
899,471,92,1,1689.0,0
900,472,148,1,739.0,0
901,472,36,1,3959.0,10
902,472,66,1,1439.0,0
903,473,99,1,1359.0,0
904,473,68,2,2859.0,0
905,473,60,1,4519.0,0
906,474,51,1,549.0,0
907,474,56,1,1739.0,0
908,474,109,1,699.0,0
909,475,87,3,1689.0,0
910,475,83,1,549.0,0
911,476,66,3,1439.0,5
912,477,54,1,2299.0,15
913,478,36,2,3959.0,5
914,478,93,1,589.0,10
915,479,44,1,3769.0,0
916,479,145,1,1329.0,5
917,479,97,1,1649.0,0
918,479,55,3,1459.0,0
919,480,16,1,3969.0,0
920,481,10,1,3059.0,0
921,481,3,1,1619.0,10
922,481,142,1,1669.0,0
923,481,129,1,3769.0,0
924,482,160,1,229.0,0
925,482,46,1,959.0,0
926,483,29,1,1269.0,0
927,484,67,1,629.0,0
928,484,170,1,489.0,0
929,485,61,3,2489.0,15
930,485,126,1,1359.0,5
931,485,59,1,4109.0,0
932,485,58,1,3319.0,0
933,486,23,1,2159.0,0
934,487,168,3,149.0,0
935,487,3,1,1619.0,0
936,488,130,1,2399.0,0
937,489,152,1,539.0,0
938,489,51,1,549.0,0
939,489,58,1,3319.0,0
940,490,52,1,1859.0,0
941,491,79,3,2119.0,0
942,492,136,1,3299.0,0
943,493,63,1,929.0,0
944,493,78,1,2969.0,0
945,493,62,1,1169.0,0
946,494,112,1,309.0,5
947,494,55,1,1459.0,5
948,495,105,1,169.0,0
949,495,109,1,699.0,0
950,495,180,1,859.0,0
951,495,140,1,2889.0,0
952,496,160,1,229.0,0
953,496,81,1,1299.0,0
954,497,21,1,1439.0,0
955,497,134,1,2869.0,20
956,497,127,1,3449.0,0
957,497,20,1,4369.0,10
958,498,120,2,1229.0,10
959,498,1,1,2759.0,0
960,498,174,3,619.0,0
961,499,134,2,2869.0,0
962,499,50,1,529.0,0
963,500,45,1,4489.0,0
964,500,41,1,4379.0,0
965,501,60,2,4519.0,0
966,502,99,1,1359.0,0
967,502,36,1,3959.0,20
968,502,19,1,2389.0,15
969,503,174,2,619.0,10
970,503,70,1,1289.0,0
971,503,139,1,3249.0,0
972,503,62,1,1169.0,10
973,504,84,1,1179.0,0
974,504,54,1,2299.0,0
975,504,128,1,899.0,0
976,505,68,1,2859.0,10
977,505,137,1,3509.0,0
978,505,21,2,1439.0,10
979,506,121,2,3789.0,5
980,507,139,1,3249.0,0
981,508,103,3,1159.0,5
982,508,165,1,449.0,5
983,508,6,1,919.0,0
984,509,21,1,1439.0,0
985,509,28,1,3919.0,5
986,509,124,3,1869.0,15
987,509,54,1,2299.0,0
988,510,50,1,529.0,0
989,511,49,1,2809.0,0
990,512,38,1,3659.0,5
991,512,63,1,929.0,10
992,512,101,1,1219.0,0
993,513,81,1,1299.0,0
994,514,27,1,5699.0,5
995,515,54,1,2299.0,5
996,515,166,1,389.0,10
997,516,175,1,409.0,10
998,517,168,1,149.0,0
999,518,70,1,1289.0,5
1000,518,87,1,1689.0,10
1001,518,135,1,1609.0,5
1002,519,101,1,1219.0,0
1003,519,60,1,4519.0,0
1004,520,151,3,149.0,5
1005,520,5,1,3939.0,0
1006,521,105,1,169.0,0
1007,521,119,1,619.0,20
1008,522,74,3,1959.0,5
1009,523,168,1,149.0,0
1010,523,58,1,3319.0,15
1011,523,38,1,3659.0,5
1012,523,16,1,3969.0,0
1013,524,160,2,229.0,0
1014,524,99,1,1359.0,5
1015,524,62,1,1169.0,0
1016,525,14,1,1849.0,0
1017,526,43,1,1839.0,0
1018,527,95,1,1029.0,0
1019,528,87,1,1689.0,0
1020,528,88,1,2049.0,0
1021,529,179,1,129.0,5
1022,529,32,1,4219.0,0
1023,530,42,1,1929.0,20
1024,530,92,2,1689.0,0
1025,530,179,1,129.0,0
1026,531,56,2,1739.0,0
1027,532,173,1,429.0,0
1028,533,153,1,689.0,0
1029,533,119,2,619.0,0
1030,534,134,1,2869.0,15
1031,534,117,1,1109.0,0
1032,535,129,1,3769.0,15
1033,536,116,1,1469.0,0
1034,537,18,1,5829.0,0
1035,538,105,2,169.0,0
1036,539,108,1,1339.0,0
1037,540,17,1,1149.0,0
1038,540,97,1,1649.0,5
1039,541,150,1,2599.0,5
1040,541,28,1,3919.0,0
1041,541,165,1,449.0,0
1042,541,32,1,4219.0,15
1043,542,163,1,869.0,0
1044,543,113,1,599.0,5
1045,543,129,1,3769.0,0
1046,544,77,1,699.0,0
1047,545,36,1,3959.0,20
1048,546,26,1,5849.0,0
1049,546,13,1,3179.0,0
1050,546,91,1,719.0,5
1051,546,36,1,3959.0,0
1052,547,145,1,1329.0,0
1053,548,92,1,1689.0,0
1054,548,94,1,1509.0,20
1055,549,52,1,1859.0,5
1056,550,32,1,4219.0,0
1057,550,98,1,719.0,10
1058,551,129,3,3769.0,5
1059,552,6,1,919.0,0
1060,552,169,1,789.0,0
1061,552,178,1,169.0,10
1062,553,104,1,329.0,0
1063,554,115,1,1629.0,0
1064,554,133,1,3549.0,15
1065,555,25,1,3649.0,0
1066,555,135,1,1609.0,0
1067,556,3,1,1619.0,5
1068,557,42,1,1929.0,0
1069,557,35,2,749.0,0
1070,558,20,1,4369.0,10
1071,558,104,1,329.0,0
1072,558,48,1,3959.0,5
1073,559,165,1,449.0,0
1074,560,16,1,3969.0,0
1075,561,19,1,2389.0,0
1076,561,10,1,3059.0,10
1077,562,133,1,3549.0,0
1078,562,23,1,2159.0,0
1079,562,162,1,639.0,5
1080,563,42,1,1929.0,10
1081,563,12,1,2329.0,0
1082,564,144,1,2009.0,0
1083,565,168,1,149.0,0
1084,565,147,3,3339.0,0
1085,566,92,1,1689.0,10
1086,566,180,1,859.0,15
1087,566,140,1,2889.0,0
1088,566,80,1,949.0,0
1089,567,148,1,739.0,15
1090,567,180,1,859.0,0
1091,567,143,1,2429.0,0
1092,568,21,1,1439.0,15
1093,568,108,1,1339.0,0
1094,569,105,1,169.0,0
1095,569,161,1,549.0,0
1096,569,1,1,2759.0,5
1097,570,76,1,2759.0,0
1098,570,172,1,249.0,0
1099,570,56,1,1739.0,0
1100,571,148,2,739.0,0
1101,572,35,2,749.0,0
1102,572,139,1,3249.0,0
1103,573,172,1,249.0,5
1104,574,3,1,1619.0,0
1105,575,11,1,3989.0,0
1106,575,174,3,619.0,10
1107,576,141,1,3599.0,15
1108,577,161,1,549.0,0
1109,577,117,1,1109.0,0
1110,577,123,1,319.0,0
1111,578,7,2,5139.0,15
1112,579,34,1,1059.0,0
1113,580,137,1,3509.0,0
1114,580,54,1,2299.0,0
1115,581,76,1,2759.0,15
1116,581,8,1,1759.0,0
1117,581,167,1,119.0,0
1118,582,43,1,1839.0,5
1119,583,98,1,719.0,0
1120,583,175,1,409.0,5
1121,583,147,2,3339.0,0
1122,583,3,1,1619.0,0
1123,584,94,1,1509.0,10
1124,584,177,1,639.0,0
1125,584,117,1,1109.0,0
1126,584,98,1,719.0,0
1127,585,120,1,1229.0,5
1128,586,59,1,4109.0,0
1129,586,122,1,3689.0,0
1130,587,133,1,3549.0,15
1131,588,95,1,1029.0,0
1132,588,177,1,639.0,0
1133,588,26,1,5849.0,0
1134,588,179,1,129.0,0
1135,589,52,1,1859.0,0
1136,589,137,2,3509.0,5
1137,590,31,1,2199.0,15
1138,590,44,2,3769.0,0
1139,591,177,2,639.0,10
1140,592,69,1,1709.0,0
1141,593,137,1,3509.0,0
1142,594,123,1,319.0,15
1143,594,147,1,3339.0,0
1144,595,24,1,2429.0,15
1145,595,83,1,549.0,0
1146,596,113,1,599.0,20
1147,596,98,2,719.0,0
1148,597,54,1,2299.0,0
1149,598,35,2,749.0,0
1150,598,5,1,3939.0,5
1151,598,8,1,1759.0,0
1152,599,65,1,329.0,15
1153,600,18,1,5829.0,10
1154,600,71,1,2909.0,0
1155,601,146,1,369.0,10
1156,601,113,1,599.0,0
1157,601,178,1,169.0,0
1158,601,123,1,319.0,5
1159,602,45,1,4489.0,0
1160,602,88,1,2049.0,0
1161,603,38,2,3659.0,0
1162,603,152,1,539.0,5
1163,603,154,3,519.0,0
1164,603,180,1,859.0,10
1165,604,42,1,1929.0,0
1166,604,99,1,1359.0,0
1167,604,98,1,719.0,0
1168,605,84,2,1179.0,0
1169,605,3,1,1619.0,0
1170,606,139,1,3249.0,0
1171,607,81,2,1299.0,5
1172,608,56,1,1739.0,0
1173,608,145,1,1329.0,15
1174,609,11,1,3989.0,15
1175,610,151,1,149.0,15
1176,611,32,1,4219.0,0
1177,611,92,1,1689.0,0
1178,611,56,2,1739.0,0
1179,611,72,1,1649.0,0
1180,612,161,1,549.0,0
1181,613,137,1,3509.0,0
1182,614,2,1,4619.0,0
1183,614,52,1,1859.0,15
1184,614,67,1,629.0,15
1185,614,137,1,3509.0,0
1186,615,85,1,419.0,0
1187,616,168,1,149.0,5
1188,617,27,1,5699.0,0
1189,617,159,2,439.0,0
1190,617,84,3,1179.0,0
1191,617,101,1,1219.0,0
1192,618,32,1,4219.0,0
1193,618,176,1,509.0,0
1194,619,137,1,3509.0,0
1195,620,7,1,5139.0,0
1196,620,66,1,1439.0,0
1197,621,48,1,3959.0,0
1198,622,98,1,719.0,0
1199,623,32,1,4219.0,0
1200,623,54,2,2299.0,0
1201,624,121,2,3789.0,5
1202,624,14,1,1849.0,0
1203,625,149,1,3149.0,0
1204,626,105,2,169.0,5
1205,626,28,1,3919.0,5
1206,627,63,1,929.0,5
1207,627,37,1,439.0,5
1208,628,8,1,1759.0,0
1209,629,18,1,5829.0,0
1210,630,91,1,719.0,10
1211,631,15,1,3889.0,10
1212,631,122,1,3689.0,0
1213,631,14,1,1849.0,0
1214,632,39,1,3959.0,15
1215,633,45,1,4489.0,10
1216,633,64,1,2519.0,5
1217,634,87,1,1689.0,10
1218,635,115,1,1629.0,0
1219,636,47,1,3909.0,0
1220,637,4,1,1109.0,0
1221,638,146,1,369.0,0
1222,638,148,1,739.0,0
1223,638,123,1,319.0,0
1224,639,83,1,549.0,5
1225,639,5,2,3939.0,0
1226,639,154,1,519.0,15
1227,639,44,1,3769.0,0
1228,640,148,1,739.0,10
1229,641,152,1,539.0,0
1230,642,97,2,1649.0,0
1231,643,180,2,859.0,0
1232,643,22,1,989.0,0
1233,644,64,2,2519.0,0
1234,645,20,1,4369.0,0
1235,645,24,1,2429.0,0
1236,646,26,2,5849.0,0
1237,647,43,3,1839.0,0
1238,648,178,1,169.0,0
1239,648,136,1,3299.0,0
1240,649,18,1,5829.0,20
1241,650,51,1,549.0,0
1242,650,103,3,1159.0,0
1243,650,4,1,1109.0,0
1244,650,63,1,929.0,0
1245,651,66,1,1439.0,5
1246,652,90,1,2839.0,0
1247,652,17,1,1149.0,0
1248,652,6,3,919.0,0
1249,653,31,1,2199.0,0
1250,653,131,1,2569.0,0
1251,653,36,2,3959.0,0
1252,654,112,3,309.0,5
1253,655,126,1,1359.0,0
1254,655,131,1,2569.0,5
1255,655,125,1,3869.0,0
1256,655,161,1,549.0,5
1257,656,113,1,599.0,0
1258,656,154,1,519.0,0
1259,656,157,1,129.0,5
1260,656,62,2,1169.0,0
1261,657,157,1,129.0,0
1262,657,39,1,3959.0,0
1263,657,96,1,309.0,0
1264,658,157,1,129.0,20
1265,659,98,1,719.0,5
1266,660,23,1,2159.0,0
1267,661,53,1,4579.0,15
1268,661,3,2,1619.0,20
1269,661,54,1,2299.0,5
1270,662,166,1,389.0,5
1271,662,101,1,1219.0,15
1272,662,11,1,3989.0,5
1273,662,148,1,739.0,5
1274,663,67,1,629.0,0
1275,663,111,1,1249.0,0
1276,663,116,2,1469.0,0
1277,664,46,1,959.0,0
1278,665,124,1,1869.0,15
1279,666,115,2,1629.0,0
1280,666,84,2,1179.0,0
1281,666,55,1,1459.0,0
1282,666,59,1,4109.0,10
1283,667,162,1,639.0,0
1284,667,36,1,3959.0,10
1285,668,67,1,629.0,0
1286,669,75,1,449.0,0
1287,670,106,1,1069.0,5
1288,670,27,1,5699.0,0
1289,670,65,1,329.0,5
1290,671,179,1,129.0,0
1291,671,100,1,1619.0,5
1292,672,141,1,3599.0,0
1293,672,149,1,3149.0,5
1294,673,39,1,3959.0,0
1295,674,117,1,1109.0,5
1296,674,147,1,3339.0,0
1297,675,160,2,229.0,0
1298,675,115,1,1629.0,0
1299,675,108,1,1339.0,5
1300,675,151,1,149.0,0
1301,676,38,1,3659.0,0
1302,676,63,1,929.0,10
1303,677,137,1,3509.0,0
1304,677,162,1,639.0,0
1305,678,65,1,329.0,0
1306,679,20,1,4369.0,0
1307,680,149,1,3149.0,5
1308,680,94,1,1509.0,0
1309,680,55,1,1459.0,0
1310,680,44,1,3769.0,0
1311,681,25,1,3649.0,10
1312,681,90,1,2839.0,15
1313,682,28,1,3919.0,0
1314,683,85,2,419.0,0
1315,683,69,2,1709.0,0
1316,684,134,3,2869.0,0
1317,685,83,1,549.0,5
1318,685,8,1,1759.0,10
1319,686,25,1,3649.0,0
1320,687,122,1,3689.0,0
1321,688,42,1,1929.0,0
1322,688,105,1,169.0,10
1323,688,134,1,2869.0,0
1324,689,96,1,309.0,0
1325,690,18,1,5829.0,0
1326,690,92,1,1689.0,10
1327,691,82,1,2019.0,10
1328,692,52,1,1859.0,20
1329,693,98,2,719.0,0
1330,694,143,1,2429.0,0
1331,694,132,2,789.0,10
1332,695,123,1,319.0,0
1333,695,38,1,3659.0,5
1334,695,5,1,3939.0,0
1335,696,79,1,2119.0,10
1336,697,135,1,1609.0,15
1337,697,83,1,549.0,0
1338,698,177,1,639.0,5
1339,698,82,1,2019.0,0
1340,699,24,1,2429.0,0
1341,700,171,1,499.0,15
1342,700,119,1,619.0,0
1343,700,91,1,719.0,0
1344,701,49,2,2809.0,0
1345,702,4,1,1109.0,10
1346,702,60,1,4519.0,0
1347,703,12,1,2329.0,0
1348,703,138,1,2179.0,0
1349,704,58,1,3319.0,0
1350,705,111,1,1249.0,10
1351,706,103,1,1159.0,0
1352,707,2,1,4619.0,0
1353,707,56,1,1739.0,20
1354,708,128,1,899.0,0
1355,709,19,1,2389.0,10
1356,709,15,1,3889.0,10
1357,709,115,1,1629.0,0
1358,710,162,1,639.0,0
1359,710,77,1,699.0,0
1360,711,170,1,489.0,0
1361,712,128,1,899.0,5
1362,712,83,1,549.0,0
1363,712,94,1,1509.0,0
1364,712,80,1,949.0,0
1365,713,173,1,429.0,10
1366,713,59,1,4109.0,5
1367,713,76,2,2759.0,5
1368,714,178,1,169.0,15
1369,714,79,1,2119.0,15
1370,715,29,1,1269.0,5
1371,715,2,1,4619.0,0
1372,715,154,1,519.0,20
1373,716,86,2,2139.0,0
1374,717,180,2,859.0,10
1375,718,76,1,2759.0,0
1376,719,142,3,1669.0,15
1377,720,113,1,599.0,0
1378,721,129,2,3769.0,5
1379,721,101,1,1219.0,0
1380,721,5,1,3939.0,0
1381,722,92,1,1689.0,0
1382,722,177,1,639.0,0
1383,723,49,1,2809.0,10
1384,723,147,1,3339.0,0
1385,724,131,1,2569.0,0
1386,725,72,1,1649.0,0
1387,725,99,1,1359.0,0
1388,726,9,1,2389.0,0
1389,727,86,1,2139.0,0
1390,728,112,1,309.0,0
1391,729,3,1,1619.0,0
1392,729,16,1,3969.0,0
1393,729,58,1,3319.0,0
1394,730,20,1,4369.0,5
1395,730,171,1,499.0,5
1396,730,112,1,309.0,0
1397,731,8,1,1759.0,10
1398,732,68,1,2859.0,0
1399,732,33,1,1699.0,5
1400,733,97,1,1649.0,0
1401,733,118,1,479.0,5
1402,734,143,1,2429.0,0
1403,735,31,1,2199.0,10
1404,735,65,1,329.0,0
1405,736,81,1,1299.0,0
1406,736,23,1,2159.0,0
1407,736,64,1,2519.0,0
1408,736,40,1,2059.0,0
1409,737,135,1,1609.0,0
1410,738,103,1,1159.0,0
1411,738,59,1,4109.0,0
1412,739,47,1,3909.0,0
1413,739,129,1,3769.0,0
1414,740,139,1,3249.0,15
1415,741,49,1,2809.0,0
1416,741,25,1,3649.0,0
1417,742,74,1,1959.0,10
1418,742,65,1,329.0,0
1419,743,45,1,4489.0,0
1420,744,59,1,4109.0,0
1421,745,10,2,3059.0,5
1422,745,90,1,2839.0,0
1423,746,70,1,1289.0,5
1424,747,135,1,1609.0,0
1425,748,71,2,2909.0,0
1426,748,31,1,2199.0,0
1427,749,93,1,589.0,0
1428,749,48,1,3959.0,0
1429,750,4,1,1109.0,0
1430,751,75,1,449.0,0
1431,751,29,1,1269.0,5
1432,751,157,1,129.0,0
1433,752,154,1,519.0,0
1434,752,28,1,3919.0,0
1435,753,167,1,119.0,0
1436,753,172,1,249.0,0
1437,754,3,1,1619.0,0
1438,755,82,1,2019.0,5
1439,756,177,1,639.0,5
1440,757,72,1,1649.0,0
1441,757,14,1,1849.0,5
1442,757,52,1,1859.0,0
1443,757,8,1,1759.0,5
1444,758,103,1,1159.0,0
1445,758,150,1,2599.0,0
1446,759,27,1,5699.0,0
1447,760,40,1,2059.0,0
1448,760,67,1,629.0,5
1449,760,165,1,449.0,5
1450,760,160,3,229.0,0
1451,761,21,1,1439.0,5
1452,761,5,1,3939.0,0
1453,761,137,1,3509.0,5
1454,761,100,1,1619.0,0
1455,762,159,1,439.0,5
1456,763,153,1,689.0,0
1457,763,106,1,1069.0,10
1458,764,118,1,479.0,5
1459,764,176,1,509.0,15
1460,765,162,1,639.0,0
1461,765,85,1,419.0,0
1462,766,24,1,2429.0,0
1463,766,118,1,479.0,0
1464,766,63,1,929.0,0
1465,767,83,1,549.0,0
1466,767,114,1,1769.0,0
1467,768,178,1,169.0,0
1468,768,95,1,1029.0,0
1469,768,123,1,319.0,0
1470,768,144,1,2009.0,0
1471,769,34,1,1059.0,0
1472,770,19,2,2389.0,5
1473,770,50,1,529.0,0
1474,771,156,2,459.0,15
1475,772,177,1,639.0,0
1476,772,165,1,449.0,0
1477,773,162,3,639.0,0
1478,773,102,1,429.0,0
1479,773,112,1,309.0,5
1480,773,166,1,389.0,0
1481,774,17,1,1149.0,0
1482,775,134,1,2869.0,0
1483,775,99,1,1359.0,0
1484,775,168,1,149.0,10
1485,775,70,1,1289.0,10
1486,776,76,1,2759.0,5
1487,776,64,1,2519.0,0
1488,777,119,1,619.0,0
1489,777,70,1,1289.0,0
1490,778,28,1,3919.0,0
1491,779,81,1,1299.0,0
1492,779,119,2,619.0,0
1493,780,118,1,479.0,0
1494,781,91,1,719.0,0
1495,782,85,1,419.0,0
1496,782,165,1,449.0,0
1497,782,18,1,5829.0,10
1498,783,42,1,1929.0,0
1499,784,177,1,639.0,0
1500,785,101,1,1219.0,0
1501,785,166,1,389.0,0
1502,786,82,1,2019.0,10
1503,786,88,1,2049.0,0
1504,786,43,1,1839.0,0
1505,787,179,2,129.0,15
1506,788,40,2,2059.0,0
1507,788,50,1,529.0,0
1508,789,108,2,1339.0,0
1509,790,93,1,589.0,5
1510,790,110,3,1229.0,0
1511,791,43,1,1839.0,5
1512,791,75,1,449.0,5
1513,791,100,1,1619.0,0
1514,792,21,1,1439.0,0
1515,792,59,1,4109.0,10
1516,792,46,1,959.0,10
1517,792,105,1,169.0,0
1518,793,144,1,2009.0,10
1519,794,85,1,419.0,10
1520,795,29,1,1269.0,10
1521,796,174,1,619.0,0
1522,796,122,2,3689.0,0
1523,796,143,1,2429.0,0
1524,796,61,1,2489.0,5
1525,797,143,2,2429.0,0
1526,797,63,3,929.0,0
1527,797,135,2,1609.0,10
1528,797,92,1,1689.0,0
1529,798,85,1,419.0,0
1530,799,37,1,439.0,0
1531,799,30,1,1049.0,0
1532,799,167,1,119.0,5
1533,799,70,1,1289.0,0
1534,800,72,1,1649.0,0
1535,801,154,1,519.0,0
1536,801,146,1,369.0,20
1537,801,151,1,149.0,0
1538,802,167,1,119.0,0
1539,803,64,1,2519.0,10
1540,803,144,1,2009.0,5
1541,803,23,1,2159.0,20
1542,804,61,1,2489.0,0
1543,804,80,1,949.0,0
1544,804,87,1,1689.0,0
1545,805,94,2,1509.0,0
1546,805,58,1,3319.0,5
1547,806,29,1,1269.0,10
1548,806,43,1,1839.0,5
1549,806,95,1,1029.0,0
1550,807,56,1,1739.0,5
1551,807,53,1,4579.0,10
1552,807,180,1,859.0,10
1553,808,49,1,2809.0,0
1554,808,171,3,499.0,5
1555,809,132,1,789.0,0
1556,809,74,1,1959.0,0
1557,810,3,1,1619.0,0
1558,810,68,1,2859.0,0
1559,810,142,1,1669.0,0
1560,811,137,1,3509.0,0
1561,812,5,2,3939.0,15
1562,812,58,1,3319.0,0
1563,812,119,1,619.0,0
1564,813,83,1,549.0,0
1565,814,147,1,3339.0,0
1566,814,87,1,1689.0,0
1567,814,90,1,2839.0,0
1568,814,55,1,1459.0,0
1569,815,37,1,439.0,0
1570,816,68,1,2859.0,0
1571,816,115,1,1629.0,0
1572,816,31,2,2199.0,0
1573,817,89,1,2179.0,0
1574,817,172,1,249.0,15
1575,818,56,1,1739.0,15
1576,818,57,1,4689.0,5
1577,819,177,2,639.0,0
1578,820,71,1,2909.0,0
1579,820,80,1,949.0,0
1580,821,135,1,1609.0,15
1581,822,152,1,539.0,0
1582,822,5,1,3939.0,0
1583,823,122,1,3689.0,0
1584,823,113,1,599.0,20
1585,824,52,1,1859.0,0
1586,824,10,1,3059.0,5
1587,824,69,1,1709.0,0
1588,825,21,1,1439.0,0
1589,826,164,1,549.0,0
1590,826,154,1,519.0,0
1591,826,163,1,869.0,0
1592,826,150,1,2599.0,0
1593,827,85,1,419.0,0
1594,827,33,1,1699.0,0
1595,828,167,1,119.0,10
1596,829,31,1,2199.0,10
1597,829,27,1,5699.0,0
1598,830,162,1,639.0,10
1599,830,119,1,619.0,0
1600,830,111,1,1249.0,0
1601,830,73,1,1079.0,0
1602,831,107,1,1239.0,0
1603,832,179,1,129.0,10
1604,832,7,1,5139.0,0
1605,833,48,1,3959.0,15
1606,833,43,1,1839.0,0
1607,833,120,3,1229.0,0
1608,833,15,1,3889.0,15
1609,834,53,1,4579.0,5
1610,835,144,1,2009.0,10
1611,835,168,2,149.0,0
1612,836,109,1,699.0,0
1613,836,106,1,1069.0,20
1614,837,109,1,699.0,0
1615,838,68,1,2859.0,0
1616,838,159,1,439.0,0
1617,838,61,1,2489.0,0
1618,839,12,1,2329.0,5
1619,840,62,1,1169.0,0
1620,841,44,1,3769.0,0
1621,841,3,1,1619.0,0
1622,842,19,3,2389.0,15
1623,842,112,1,309.0,0
1624,843,135,1,1609.0,0
1625,844,134,1,2869.0,0
1626,844,36,1,3959.0,0
1627,845,138,1,2179.0,0
1628,846,149,1,3149.0,5
1629,847,97,1,1649.0,5
1630,847,23,1,2159.0,0
1631,847,60,2,4519.0,10
1632,847,2,1,4619.0,0
1633,848,7,1,5139.0,0
1634,849,32,1,4219.0,0
1635,850,114,2,1769.0,5
1636,851,167,1,119.0,5
1637,852,54,1,2299.0,0
1638,853,57,1,4689.0,15
1639,854,4,1,1109.0,10
1640,854,53,1,4579.0,15
1641,855,133,1,3549.0,0
1642,855,142,1,1669.0,5
1643,856,77,1,699.0,0
1644,857,97,1,1649.0,0
1645,857,160,1,229.0,0
1646,858,104,1,329.0,0
1647,858,105,1,169.0,5
1648,858,67,1,629.0,0
1649,858,134,2,2869.0,0
1650,859,5,1,3939.0,10
1651,859,96,1,309.0,0
1652,860,82,1,2019.0,15
1653,861,162,2,639.0,0
1654,862,46,2,959.0,15
1655,862,107,1,1239.0,15
1656,862,38,1,3659.0,0
1657,863,152,2,539.0,0
1658,864,161,1,549.0,0
1659,865,58,2,3319.0,0
1660,866,180,1,859.0,0
1661,866,15,1,3889.0,0
1662,866,86,1,2139.0,15
1663,866,172,1,249.0,15
1664,867,31,1,2199.0,10
1665,868,112,1,309.0,0
1666,869,51,1,549.0,0
1667,870,151,1,149.0,0
1668,871,140,1,2889.0,0
1669,872,20,3,4369.0,5
1670,873,9,1,2389.0,10
1671,873,149,1,3149.0,0
1672,874,44,2,3769.0,0
1673,874,167,1,119.0,0
1674,875,48,1,3959.0,0
1675,875,127,1,3449.0,0
1676,876,116,1,1469.0,5
1677,876,146,1,369.0,0
1678,877,144,1,2009.0,0
1679,878,29,1,1269.0,0
1680,879,145,2,1329.0,0
1681,880,58,1,3319.0,0
1682,881,179,1,129.0,5
1683,881,106,1,1069.0,0
1684,882,101,1,1219.0,0
1685,883,70,1,1289.0,20
1686,884,2,1,4619.0,0
1687,884,135,1,1609.0,0
1688,884,173,1,429.0,10
1689,884,152,1,539.0,0
1690,885,149,1,3149.0,0
1691,885,157,1,129.0,0
1692,886,173,2,429.0,0
1693,887,133,1,3549.0,0
1694,888,136,1,3299.0,10
1695,888,165,1,449.0,0
1696,889,11,1,3989.0,0
1697,890,3,1,1619.0,10
1698,890,145,1,1329.0,0
1699,891,161,2,549.0,0
1700,892,159,1,439.0,0
1701,893,104,1,329.0,0
1702,893,49,1,2809.0,0
1703,893,106,1,1069.0,0
1704,894,161,1,549.0,0
1705,894,101,1,1219.0,0
1706,895,47,1,3909.0,0
1707,896,94,1,1509.0,10
1708,896,130,1,2399.0,0
1709,897,17,1,1149.0,0
1710,898,31,1,2199.0,0
1711,899,165,1,449.0,0
1712,900,96,1,309.0,0
1713,900,42,2,1929.0,0
1714,901,94,1,1509.0,0
1715,902,119,3,619.0,20
1716,902,118,2,479.0,5
1717,902,117,1,1109.0,0
1718,903,95,1,1029.0,10
1719,903,166,1,389.0,15
1720,904,138,1,2179.0,0
1721,905,44,1,3769.0,5
1722,906,105,1,169.0,0
1723,906,12,1,2329.0,0
1724,907,20,1,4369.0,0
1725,907,173,1,429.0,10
1726,907,61,1,2489.0,15
1727,908,83,1,549.0,0
1728,909,75,1,449.0,5
1729,909,93,1,589.0,0
1730,910,106,3,1069.0,0
1731,910,45,1,4489.0,5
1732,910,3,2,1619.0,0
1733,911,59,1,4109.0,0
1734,911,146,1,369.0,0
1735,912,89,2,2179.0,5
1736,912,177,2,639.0,0
1737,913,146,1,369.0,0
1738,914,50,1,529.0,0
1739,915,45,1,4489.0,0
1740,915,30,2,1049.0,10
1741,915,73,1,1079.0,0
1742,915,130,1,2399.0,0
1743,916,54,1,2299.0,0
1744,916,154,1,519.0,0
1745,916,61,1,2489.0,5
1746,917,65,1,329.0,0
1747,917,13,1,3179.0,5
1748,917,7,1,5139.0,10
1749,918,114,1,1769.0,0
1750,919,127,1,3449.0,5
1751,919,10,2,3059.0,15
1752,920,149,2,3149.0,0
1753,921,51,1,549.0,5
1754,922,32,1,4219.0,0
1755,922,104,2,329.0,15
1756,923,110,1,1229.0,0
1757,924,3,1,1619.0,10
1758,924,26,1,5849.0,0
1759,924,37,1,439.0,0
1760,925,13,1,3179.0,0
1761,925,80,1,949.0,20
1762,926,8,1,1759.0,0
1763,927,151,3,149.0,5
1764,928,89,2,2179.0,0
1765,928,137,1,3509.0,0
1766,928,41,1,4379.0,0
1767,928,29,1,1269.0,0
1768,929,137,1,3509.0,0
1769,929,42,1,1929.0,0
1770,930,146,1,369.0,0
1771,931,17,1,1149.0,0
1772,931,57,1,4689.0,10
1773,931,111,1,1249.0,0
1774,932,7,1,5139.0,5
1775,933,81,3,1299.0,15
1776,934,57,1,4689.0,0
1777,935,53,1,4579.0,0
1778,936,17,1,1149.0,0
1779,937,25,3,3649.0,0
1780,937,111,1,1249.0,15
1781,938,154,1,519.0,10
1782,939,125,1,3869.0,0
1783,939,32,1,4219.0,15
1784,940,96,1,309.0,0
1785,941,47,1,3909.0,0
1786,942,19,1,2389.0,5
1787,942,28,1,3919.0,0
1788,942,39,3,3959.0,0
1789,942,46,2,959.0,0
1790,943,62,1,1169.0,20
1791,944,122,3,3689.0,0
1792,944,44,1,3769.0,0
1793,944,13,1,3179.0,0
1794,945,62,2,1169.0,0
1795,945,43,1,1839.0,10
1796,946,73,1,1079.0,15
1797,946,96,1,309.0,0
1798,946,71,2,2909.0,0
1799,947,176,1,509.0,0
1800,948,7,1,5139.0,10
1801,949,63,1,929.0,0
1802,949,118,1,479.0,0
1803,950,178,1,169.0,20
1804,950,123,1,319.0,0
1805,950,166,1,389.0,0
1806,950,81,1,1299.0,0
1807,951,97,1,1649.0,0
1808,951,25,1,3649.0,0
1809,952,106,1,1069.0,0
1810,953,39,1,3959.0,0
1811,953,172,1,249.0,0
1812,953,155,1,749.0,5
1813,953,30,1,1049.0,0
1814,954,27,1,5699.0,0
1815,954,43,1,1839.0,0
1816,955,53,1,4579.0,0
1817,955,1,1,2759.0,0
1818,956,18,1,5829.0,0
1819,957,65,1,329.0,0
1820,958,36,2,3959.0,0
1821,958,55,3,1459.0,0
1822,959,109,3,699.0,0
1823,959,11,1,3989.0,0
1824,960,87,1,1689.0,0
1825,960,76,1,2759.0,20
1826,960,101,1,1219.0,0
1827,961,43,1,1839.0,0
1828,962,131,2,2569.0,0
1829,962,99,1,1359.0,0
1830,963,150,1,2599.0,0
1831,964,125,1,3869.0,10
1832,964,23,2,2159.0,10
1833,965,140,1,2889.0,15
1834,966,111,1,1249.0,0
1835,967,121,2,3789.0,10
1836,967,41,2,4379.0,0
1837,967,14,1,1849.0,0
1838,968,167,1,119.0,5
1839,968,67,3,629.0,5
1840,969,145,1,1329.0,5
1841,970,175,1,409.0,0
1842,971,126,3,1359.0,10
1843,971,127,1,3449.0,20
1844,972,94,1,1509.0,0
1845,972,32,1,4219.0,5
1846,973,20,2,4369.0,0
1847,973,159,2,439.0,5
1848,973,169,1,789.0,0
1849,973,167,1,119.0,0
1850,974,73,1,1079.0,0
1851,975,18,1,5829.0,0
1852,975,61,2,2489.0,0
1853,976,78,1,2969.0,0
1854,977,71,1,2909.0,5
1855,977,97,1,1649.0,0
1856,978,158,1,779.0,10
1857,979,39,1,3959.0,0
1858,979,147,2,3339.0,15
1859,980,20,1,4369.0,20
1860,980,24,1,2429.0,0
1861,981,110,1,1229.0,15
1862,981,32,2,4219.0,0
1863,982,173,1,429.0,0
1864,982,111,1,1249.0,0
1865,983,161,1,549.0,20
1866,983,142,1,1669.0,10
1867,983,150,2,2599.0,0
1868,984,26,2,5849.0,5
1869,984,110,2,1229.0,0
1870,985,45,1,4489.0,0
1871,985,120,3,1229.0,0
1872,986,32,1,4219.0,15
1873,986,73,1,1079.0,0
1874,987,76,1,2759.0,0
1875,987,80,1,949.0,0
1876,987,30,1,1049.0,0
1877,988,121,1,3789.0,0
1878,989,66,1,1439.0,15
1879,989,123,1,319.0,15
1880,990,49,1,2809.0,0
1881,991,175,1,409.0,0
1882,991,146,1,369.0,0
1883,991,94,1,1509.0,5
1884,992,36,1,3959.0,0
1885,993,116,2,1469.0,0
1886,994,116,1,1469.0,0
1887,994,122,1,3689.0,0
1888,995,52,1,1859.0,20
1889,995,175,1,409.0,15
1890,995,12,1,2329.0,20
1891,996,175,2,409.0,10
1892,997,50,1,529.0,0
1893,998,71,1,2909.0,0
1894,998,152,1,539.0,0
1895,998,167,1,119.0,0
1896,998,51,1,549.0,0
1897,999,177,1,639.0,0
1898,999,107,1,1239.0,10
1899,1000,107,1,1239.0,0
1900,1000,163,1,869.0,5
1901,1000,115,1,1629.0,0
1902,1000,149,1,3149.0,0
1903,1001,107,1,1239.0,0
1904,1001,55,1,1459.0,5
1905,1002,5,1,3939.0,0
1906,1003,170,1,489.0,0
1907,1003,169,1,789.0,5
1908,1003,148,3,739.0,0
1909,1004,54,1,2299.0,0
1910,1004,27,3,5699.0,20
1911,1005,180,1,859.0,0
1912,1005,162,1,639.0,20
1913,1005,3,1,1619.0,0
1914,1005,150,3,2599.0,0
1915,1006,143,1,2429.0,0
1916,1007,116,2,1469.0,5
1917,1008,151,1,149.0,5
1918,1009,143,1,2429.0,20
1919,1009,169,1,789.0,0
1920,1009,156,1,459.0,0
1921,1010,6,1,919.0,0
1922,1010,139,1,3249.0,0
1923,1010,33,3,1699.0,0
1924,1010,106,1,1069.0,0
1925,1011,173,1,429.0,0
1926,1011,36,1,3959.0,10
1927,1011,62,1,1169.0,0
1928,1012,131,1,2569.0,5
1929,1013,34,1,1059.0,0
1930,1013,171,1,499.0,0
1931,1013,1,1,2759.0,20
1932,1014,39,1,3959.0,5
1933,1014,3,1,1619.0,5
1934,1015,33,1,1699.0,5
1935,1015,70,1,1289.0,10
1936,1016,28,1,3919.0,5
1937,1017,8,1,1759.0,0
1938,1017,54,1,2299.0,20
1939,1018,90,1,2839.0,10
1940,1019,35,1,749.0,0
1941,1019,101,1,1219.0,15
1942,1020,4,1,1109.0,0
1943,1021,177,1,639.0,10
1944,1021,137,1,3509.0,10
1945,1022,115,1,1629.0,0
1946,1022,53,1,4579.0,0
1947,1023,167,2,119.0,10
1948,1023,45,1,4489.0,0
1949,1024,14,1,1849.0,20
1950,1024,82,1,2019.0,0
1951,1024,11,1,3989.0,20
1952,1025,96,1,309.0,0
1953,1026,126,1,1359.0,0
1954,1027,91,1,719.0,0
1955,1027,173,1,429.0,5
1956,1027,41,3,4379.0,20
1957,1027,119,1,619.0,10
1958,1028,11,1,3989.0,5
1959,1029,30,1,1049.0,0
1960,1029,7,1,5139.0,5
1961,1030,178,1,169.0,0
1962,1030,139,2,3249.0,20
1963,1031,8,1,1759.0,0
1964,1032,142,1,1669.0,0
1965,1033,163,3,869.0,0
1966,1034,146,2,369.0,0
1967,1034,61,1,2489.0,5
1968,1035,39,1,3959.0,20
1969,1035,30,1,1049.0,10
1970,1035,76,1,2759.0,5
1971,1035,176,1,509.0,20
1972,1036,168,1,149.0,0
1973,1036,73,1,1079.0,0
1974,1037,114,1,1769.0,0
1975,1037,18,1,5829.0,5
1976,1038,37,3,439.0,0
1977,1038,128,1,899.0,0
1978,1039,156,1,459.0,0
1979,1040,97,1,1649.0,0
1980,1041,23,1,2159.0,15
1981,1042,114,1,1769.0,15
1982,1042,138,1,2179.0,0
1983,1042,86,1,2139.0,5
1984,1043,56,1,1739.0,0
1985,1043,122,1,3689.0,0
1986,1044,122,1,3689.0,0
1987,1044,137,1,3509.0,0
1988,1045,51,1,549.0,0
1989,1046,94,1,1509.0,0
1990,1046,146,1,369.0,0
1991,1046,29,1,1269.0,0
1992,1047,140,1,2889.0,0
1993,1047,148,1,739.0,5
1994,1048,166,1,389.0,0
1995,1049,53,1,4579.0,5
1996,1049,35,1,749.0,5
1997,1050,102,1,429.0,0
1998,1051,103,1,1159.0,0
1999,1051,66,1,1439.0,20
2000,1051,173,1,429.0,0
2001,1052,20,1,4369.0,0
2002,1052,124,1,1869.0,0
2003,1052,58,3,3319.0,0
2004,1053,171,1,499.0,0
2005,1054,67,1,629.0,0
2006,1055,7,1,5139.0,0
2007,1055,91,1,719.0,5
2008,1056,35,1,749.0,0
2009,1057,128,1,899.0,15
2010,1057,102,1,429.0,0
2011,1058,72,1,1649.0,20
2012,1059,94,3,1509.0,0
2013,1059,85,1,419.0,0
2014,1059,45,1,4489.0,20
2015,1059,40,1,2059.0,0
2016,1060,151,1,149.0,15
2017,1061,152,1,539.0,5
2018,1061,174,1,619.0,0
2019,1061,81,3,1299.0,0
2020,1062,136,1,3299.0,15
2021,1062,123,1,319.0,0
2022,1063,9,1,2389.0,10
2023,1063,129,1,3769.0,0
2024,1064,164,1,549.0,0
2025,1065,25,1,3649.0,0
2026,1065,132,1,789.0,10
2027,1065,127,1,3449.0,0
2028,1066,106,1,1069.0,0
2029,1066,6,2,919.0,10
2030,1067,135,1,1609.0,0
2031,1068,17,1,1149.0,0
2032,1069,3,1,1619.0,5
2033,1070,59,1,4109.0,0
2034,1070,114,1,1769.0,0
2035,1070,121,1,3789.0,5
2036,1071,158,1,779.0,5
2037,1072,4,1,1109.0,0
2038,1072,138,1,2179.0,0
2039,1072,1,1,2759.0,0
2040,1072,173,3,429.0,0
2041,1073,126,2,1359.0,0
2042,1073,46,1,959.0,0
2043,1074,115,1,1629.0,10
2044,1074,173,1,429.0,0
2045,1074,41,1,4379.0,0
2046,1074,56,1,1739.0,15
2047,1075,22,2,989.0,0
2048,1075,69,1,1709.0,0
2049,1076,111,2,1249.0,5
2050,1076,41,1,4379.0,0
2051,1076,52,1,1859.0,0
2052,1076,19,1,2389.0,0
2053,1077,53,1,4579.0,0
2054,1077,172,1,249.0,0
2055,1078,153,1,689.0,0
2056,1078,57,1,4689.0,10
2057,1079,178,1,169.0,0
2058,1079,80,1,949.0,0
2059,1079,156,1,459.0,0
2060,1079,70,1,1289.0,10
2061,1080,168,1,149.0,15
2062,1081,1,1,2759.0,0
2063,1082,127,1,3449.0,15
2064,1083,163,1,869.0,10
2065,1083,147,1,3339.0,0
2066,1083,54,1,2299.0,0
2067,1083,114,1,1769.0,0
2068,1084,11,1,3989.0,0
2069,1085,24,3,2429.0,0
2070,1085,113,1,599.0,10
2071,1086,170,1,489.0,0
2072,1086,119,1,619.0,5
2073,1086,24,1,2429.0,5
2074,1087,19,1,2389.0,0
2075,1088,60,1,4519.0,10
2076,1088,170,1,489.0,0
2077,1089,60,2,4519.0,0
2078,1089,151,1,149.0,0
2079,1089,114,1,1769.0,15
2080,1090,179,2,129.0,0
2081,1090,26,3,5849.0,15
2082,1091,42,1,1929.0,0
2083,1092,119,1,619.0,5
2084,1092,66,1,1439.0,0
2085,1092,174,1,619.0,0
2086,1093,16,1,3969.0,0
2087,1094,103,1,1159.0,0
2088,1094,149,1,3149.0,20
2089,1095,128,1,899.0,0
2090,1095,123,1,319.0,0
2091,1095,42,1,1929.0,0
2092,1096,157,1,129.0,0
2093,1097,99,2,1359.0,0
2094,1098,158,1,779.0,5
2095,1098,98,1,719.0,0
2096,1098,89,1,2179.0,0
2097,1099,108,1,1339.0,20
2098,1100,89,1,2179.0,0
2099,1101,161,1,549.0,20
2100,1101,95,1,1029.0,0
2101,1101,169,1,789.0,0
2102,1102,98,2,719.0,5
2103,1102,167,2,119.0,0
2104,1103,75,1,449.0,0
2105,1103,14,2,1849.0,5
2106,1103,98,1,719.0,0
2107,1104,109,2,699.0,5
2108,1105,35,1,749.0,10
2109,1105,96,2,309.0,0
2110,1106,52,1,1859.0,0
2111,1106,175,1,409.0,0
2112,1106,109,1,699.0,0
2113,1107,130,1,2399.0,0
2114,1108,143,1,2429.0,0
2115,1108,179,2,129.0,0
2116,1109,164,1,549.0,5
2117,1109,174,1,619.0,5
2118,1109,30,1,1049.0,0
2119,1110,157,1,129.0,10
2120,1110,39,2,3959.0,15
2121,1110,43,1,1839.0,0
2122,1111,122,1,3689.0,0
2123,1111,172,1,249.0,0
2124,1112,11,1,3989.0,0
2125,1112,5,1,3939.0,0
2126,1112,49,1,2809.0,0
2127,1112,121,1,3789.0,0
2128,1113,5,1,3939.0,5
2129,1113,78,1,2969.0,0
2130,1113,154,1,519.0,0
2131,1114,100,1,1619.0,0
2132,1115,94,1,1509.0,0
2133,1116,105,1,169.0,0
2134,1117,89,1,2179.0,0
2135,1117,131,1,2569.0,5
2136,1117,34,2,1059.0,0
2137,1117,31,3,2199.0,0
2138,1118,174,1,619.0,0
2139,1118,118,1,479.0,5
2140,1119,166,2,389.0,0
2141,1119,153,1,689.0,0
2142,1119,128,1,899.0,10
2143,1120,43,1,1839.0,0
2144,1121,160,1,229.0,0
2145,1122,94,2,1509.0,0
2146,1122,100,1,1619.0,0
2147,1122,54,1,2299.0,0
2148,1123,6,1,919.0,10
2149,1124,136,1,3299.0,0
2150,1124,102,1,429.0,20
2151,1125,92,1,1689.0,0
2152,1126,171,1,499.0,0
2153,1126,12,1,2329.0,0
2154,1126,59,1,4109.0,5
2155,1127,155,1,749.0,0
2156,1127,17,1,1149.0,0
2157,1128,48,1,3959.0,0
2158,1128,134,1,2869.0,0
2159,1129,105,1,169.0,0
2160,1130,121,1,3789.0,0
2161,1130,89,1,2179.0,0
2162,1130,147,1,3339.0,5
2163,1130,66,1,1439.0,0
2164,1131,109,1,699.0,10
2165,1132,96,1,309.0,5
2166,1132,73,3,1079.0,5
2167,1133,97,2,1649.0,0
2168,1134,70,1,1289.0,0
2169,1134,129,1,3769.0,10
2170,1135,130,1,2399.0,0
2171,1136,106,1,1069.0,0
2172,1136,48,1,3959.0,0
2173,1136,25,1,3649.0,0
2174,1137,3,1,1619.0,0
2175,1137,50,1,529.0,0
2176,1138,165,1,449.0,5
2177,1139,134,1,2869.0,0
2178,1140,168,1,149.0,0
2179,1141,167,1,119.0,5
2180,1141,66,1,1439.0,0
2181,1141,150,1,2599.0,5
2182,1141,128,1,899.0,0
2183,1142,114,2,1769.0,15
2184,1142,159,1,439.0,10
2185,1142,147,1,3339.0,0
2186,1143,53,1,4579.0,10
2187,1143,115,2,1629.0,0
2188,1144,132,1,789.0,0
2189,1145,31,1,2199.0,0
2190,1146,145,1,1329.0,0
2191,1146,103,1,1159.0,0
2192,1147,29,1,1269.0,0
2193,1148,129,1,3769.0,0
2194,1148,73,1,1079.0,10
2195,1148,76,1,2759.0,0
2196,1149,80,1,949.0,15
2197,1149,73,2,1079.0,0
2198,1149,177,1,639.0,15
2199,1149,118,1,479.0,0
2200,1150,70,1,1289.0,0
2201,1150,140,1,2889.0,0
2202,1151,1,1,2759.0,0
2203,1152,162,1,639.0,0
2204,1152,156,1,459.0,0
2205,1153,88,1,2049.0,0
2206,1154,80,1,949.0,15
2207,1155,156,1,459.0,0
2208,1155,113,1,599.0,0
2209,1156,12,1,2329.0,0
2210,1157,20,1,4369.0,0
2211,1157,72,3,1649.0,5
2212,1157,43,1,1839.0,5
2213,1158,50,1,529.0,0
2214,1159,82,1,2019.0,5
2215,1159,61,3,2489.0,0
2216,1159,58,1,3319.0,5
2217,1160,104,1,329.0,20
2218,1160,106,1,1069.0,0
2219,1160,25,1,3649.0,5
2220,1161,128,1,899.0,10
2221,1161,10,1,3059.0,5
2222,1162,156,1,459.0,0
2223,1163,14,1,1849.0,0
2224,1163,63,1,929.0,0
2225,1164,56,1,1739.0,5
2226,1165,111,1,1249.0,5
2227,1166,85,1,419.0,20
2228,1167,152,1,539.0,0
2229,1167,164,1,549.0,0
2230,1168,157,1,129.0,5
2231,1169,99,1,1359.0,0
2232,1170,35,2,749.0,0
2233,1171,23,1,2159.0,0
2234,1171,45,2,4489.0,10
2235,1171,151,1,149.0,5
2236,1172,99,2,1359.0,0
2237,1173,159,1,439.0,0
2238,1173,57,1,4689.0,0
2239,1173,132,2,789.0,15
2240,1173,2,1,4619.0,0
2241,1174,115,1,1629.0,10
2242,1175,158,1,779.0,0
2243,1176,5,1,3939.0,0
2244,1176,13,1,3179.0,0
2245,1176,22,1,989.0,0
2246,1177,79,1,2119.0,5
2247,1177,146,1,369.0,0
2248,1177,95,2,1029.0,20
2249,1178,124,2,1869.0,0
2250,1179,169,3,789.0,0
2251,1180,98,1,719.0,0
2252,1180,31,1,2199.0,15
2253,1181,37,1,439.0,0
2254,1181,86,1,2139.0,0
2255,1182,102,1,429.0,0
2256,1183,132,3,789.0,15
2257,1183,24,1,2429.0,5
2258,1183,65,1,329.0,5
2259,1183,13,2,3179.0,0
2260,1184,70,1,1289.0,0
2261,1185,14,1,1849.0,0
2262,1185,107,1,1239.0,0
2263,1185,165,1,449.0,10
2264,1186,66,1,1439.0,0
2265,1186,178,1,169.0,10
2266,1186,2,1,4619.0,5
2267,1186,151,1,149.0,0
2268,1187,86,1,2139.0,0
2269,1187,164,1,549.0,5
2270,1188,113,1,599.0,0
2271,1189,149,1,3149.0,0
2272,1190,22,1,989.0,0
2273,1191,110,1,1229.0,0
2274,1191,78,2,2969.0,0
2275,1191,16,2,3969.0,10
2276,1192,86,1,2139.0,5
2277,1192,116,1,1469.0,5
2278,1192,4,3,1109.0,0
2279,1192,98,1,719.0,10
2280,1193,108,1,1339.0,0
2281,1193,160,1,229.0,15
2282,1194,158,1,779.0,0
2283,1195,132,1,789.0,5
2284,1196,87,1,1689.0,0
2285,1196,56,1,1739.0,5
2286,1196,104,1,329.0,5
2287,1196,107,3,1239.0,0
2288,1197,101,1,1219.0,0
2289,1197,167,2,119.0,5
2290,1198,151,1,149.0,15
2291,1199,180,2,859.0,5
2292,1199,80,1,949.0,0
2293,1200,145,3,1329.0,0
2294,1201,27,1,5699.0,5
2295,1202,23,1,2159.0,0
2296,1203,75,1,449.0,0
2297,1204,59,2,4109.0,0
2298,1204,36,3,3959.0,0
2299,1205,7,1,5139.0,0
2300,1206,21,1,1439.0,10
2301,1206,165,1,449.0,0
2302,1207,71,1,2909.0,0
2303,1208,20,1,4369.0,0
2304,1208,174,3,619.0,5
2305,1208,180,1,859.0,15
2306,1209,69,1,1709.0,0
2307,1210,168,1,149.0,10
2308,1210,29,1,1269.0,0
2309,1211,1,1,2759.0,0
2310,1211,82,1,2019.0,10
2311,1212,82,1,2019.0,0
2312,1212,8,1,1759.0,0
2313,1212,79,1,2119.0,20
2314,1213,54,1,2299.0,0
2315,1214,66,2,1439.0,5
2316,1215,1,1,2759.0,5
2317,1215,176,2,509.0,5
2318,1215,159,1,439.0,0
2319,1216,86,1,2139.0,0
2320,1216,114,1,1769.0,0
2321,1217,8,1,1759.0,10
2322,1217,39,1,3959.0,0
2323,1217,44,1,3769.0,0
2324,1218,157,1,129.0,0
2325,1218,14,1,1849.0,20
2326,1218,24,1,2429.0,0
2327,1218,66,1,1439.0,0
2328,1219,54,1,2299.0,15
2329,1219,17,1,1149.0,0
2330,1220,102,1,429.0,0
2331,1221,165,1,449.0,5
2332,1221,76,2,2759.0,0
2333,1221,74,2,1959.0,0
2334,1222,9,1,2389.0,0
2335,1222,160,1,229.0,0
2336,1222,78,1,2969.0,10
2337,1223,172,3,249.0,20
2338,1224,133,2,3549.0,0
2339,1225,148,1,739.0,0
2340,1226,7,1,5139.0,0
2341,1226,14,1,1849.0,10
2342,1227,129,1,3769.0,10
2343,1227,132,1,789.0,0
2344,1228,83,1,549.0,0
2345,1228,122,1,3689.0,10
2346,1229,48,2,3959.0,0
2347,1229,130,1,2399.0,0
2348,1229,22,1,989.0,0
2349,1230,177,1,639.0,0
2350,1231,87,1,1689.0,0
2351,1231,117,1,1109.0,0
2352,1231,142,1,1669.0,0
2353,1232,86,1,2139.0,20
2354,1233,142,1,1669.0,0
2355,1233,77,1,699.0,0
2356,1234,73,1,1079.0,10
2357,1234,120,1,1229.0,0
2358,1234,41,1,4379.0,0
2359,1235,43,1,1839.0,0
2360,1235,49,3,2809.0,0
2361,1235,147,2,3339.0,5
2362,1236,107,1,1239.0,0
2363,1237,54,1,2299.0,0
2364,1237,95,1,1029.0,10
2365,1237,84,1,1179.0,0
2366,1237,56,1,1739.0,0
2367,1238,57,2,4689.0,0
2368,1239,111,1,1249.0,0
2369,1240,176,1,509.0,0
2370,1241,60,1,4519.0,0
2371,1241,92,1,1689.0,0
2372,1242,57,2,4689.0,10
2373,1243,93,1,589.0,0
2374,1244,148,1,739.0,10
2375,1244,161,1,549.0,10
2376,1244,117,1,1109.0,5
2377,1245,167,1,119.0,15
2378,1246,34,1,1059.0,5
2379,1246,44,1,3769.0,0
2380,1246,122,1,3689.0,0
2381,1247,109,1,699.0,0
2382,1248,60,1,4519.0,0
2383,1248,132,1,789.0,0
2384,1248,23,1,2159.0,5
2385,1248,46,1,959.0,0
2386,1249,39,1,3959.0,15
2387,1249,18,1,5829.0,15
2388,1250,77,1,699.0,5
2389,1250,101,1,1219.0,0
2390,1250,104,1,329.0,0
2391,1251,146,1,369.0,10
2392,1251,7,1,5139.0,5
2393,1251,8,2,1759.0,5
2394,1251,25,1,3649.0,5
2395,1252,123,1,319.0,0
2396,1252,44,1,3769.0,0
2397,1253,93,1,589.0,0
2398,1253,12,2,2329.0,0
2399,1254,58,2,3319.0,5
2400,1254,20,1,4369.0,0
2401,1255,98,1,719.0,5
2402,1256,72,1,1649.0,0
2403,1257,107,1,1239.0,0
2404,1258,53,1,4579.0,0
2405,1259,130,1,2399.0,5
2406,1259,151,1,149.0,0
2407,1259,20,1,4369.0,0
2408,1259,65,1,329.0,0
2409,1260,24,3,2429.0,0
2410,1260,70,2,1289.0,0
2411,1261,55,1,1459.0,10
2412,1262,9,1,2389.0,5
2413,1263,116,1,1469.0,5
2414,1264,1,1,2759.0,0
2415,1264,19,1,2389.0,0
2416,1265,31,2,2199.0,0
2417,1265,99,1,1359.0,0
2418,1265,151,1,149.0,0
2419,1265,145,1,1329.0,0
2420,1266,106,1,1069.0,0
2421,1266,23,1,2159.0,0
2422,1267,40,1,2059.0,0
2423,1267,47,1,3909.0,0
2424,1267,43,1,1839.0,0
2425,1267,115,1,1629.0,0
2426,1268,133,1,3549.0,0
2427,1269,123,1,319.0,0
2428,1269,10,1,3059.0,0
2429,1270,101,1,1219.0,0
2430,1270,164,1,549.0,0
2431,1271,25,1,3649.0,0
2432,1271,22,1,989.0,0
2433,1271,162,2,639.0,5
2434,1271,151,1,149.0,0
2435,1272,31,1,2199.0,5
2436,1272,47,1,3909.0,0
2437,1272,84,2,1179.0,0
2438,1273,101,1,1219.0,10
2439,1274,97,1,1649.0,0
2440,1275,98,1,719.0,0
2441,1276,114,1,1769.0,0
2442,1276,123,1,319.0,0
2443,1277,126,1,1359.0,0
2444,1278,76,1,2759.0,0
2445,1278,35,3,749.0,0
2446,1278,6,1,919.0,0
2447,1279,25,1,3649.0,0
2448,1279,128,1,899.0,0
2449,1280,50,2,529.0,0
2450,1280,162,2,639.0,15
2451,1280,145,2,1329.0,0
2452,1280,157,1,129.0,0
2453,1281,180,2,859.0,5
2454,1281,103,2,1159.0,20
2455,1281,169,1,789.0,5
2456,1282,54,1,2299.0,0
2457,1283,150,1,2599.0,5
2458,1284,74,1,1959.0,0
2459,1284,19,1,2389.0,5
2460,1284,40,1,2059.0,10
2461,1285,128,1,899.0,0
2462,1286,75,1,449.0,0
2463,1286,30,1,1049.0,0
2464,1287,98,1,719.0,0
2465,1287,73,2,1079.0,10
2466,1287,41,1,4379.0,0
2467,1288,3,1,1619.0,0
2468,1288,75,1,449.0,0
2469,1289,17,1,1149.0,0
2470,1289,177,1,639.0,5
2471,1289,38,1,3659.0,0
2472,1289,33,1,1699.0,0
2473,1290,15,1,3889.0,10
2474,1290,90,1,2839.0,10
2475,1291,33,1,1699.0,0
2476,1292,6,1,919.0,15
2477,1293,126,1,1359.0,10
2478,1293,128,1,899.0,0
2479,1293,51,1,549.0,0
2480,1294,155,1,749.0,5
2481,1295,117,1,1109.0,0
2482,1296,10,2,3059.0,5
2483,1297,155,1,749.0,0
2484,1298,156,1,459.0,0
2485,1298,3,3,1619.0,0
2486,1299,95,1,1029.0,5
2487,1300,166,2,389.0,10
2488,1300,98,1,719.0,0
2489,1301,20,1,4369.0,10
2490,1301,87,3,1689.0,0
2491,1302,172,1,249.0,0
2492,1303,116,1,1469.0,0
2493,1304,101,2,1219.0,0
2494,1305,68,1,2859.0,0
2495,1305,47,1,3909.0,0
2496,1306,123,1,319.0,5
2497,1307,39,1,3959.0,0
2498,1307,18,1,5829.0,5
2499,1308,148,1,739.0,5
2500,1309,169,1,789.0,10
2501,1310,60,2,4519.0,5
2502,1311,78,1,2969.0,5
2503,1312,119,2,619.0,0
2504,1312,9,1,2389.0,5
2505,1312,82,1,2019.0,0
2506,1312,64,1,2519.0,0
2507,1313,7,1,5139.0,0
2508,1313,25,1,3649.0,0
2509,1314,85,1,419.0,0
2510,1314,58,1,3319.0,0
2511,1314,78,1,2969.0,0
2512,1315,73,1,1079.0,0
2513,1315,145,1,1329.0,0
2514,1315,5,1,3939.0,5
2515,1315,128,1,899.0,0
2516,1316,64,2,2519.0,10
2517,1316,167,1,119.0,0
2518,1317,144,1,2009.0,15
2519,1317,140,1,2889.0,0
2520,1318,123,1,319.0,0
2521,1319,28,3,3919.0,0
2522,1320,22,1,989.0,10
2523,1321,46,1,959.0,0
2524,1322,115,1,1629.0,0
2525,1323,34,1,1059.0,5
2526,1323,68,1,2859.0,0
2527,1324,157,1,129.0,0
2528,1325,22,1,989.0,0
2529,1325,76,1,2759.0,5
2530,1326,95,1,1029.0,5
2531,1326,72,1,1649.0,0
2532,1327,97,1,1649.0,0
2533,1328,124,1,1869.0,0
2534,1328,17,1,1149.0,5
2535,1329,167,1,119.0,0
2536,1330,146,1,369.0,0
2537,1330,9,1,2389.0,0
2538,1331,157,1,129.0,0
2539,1332,24,1,2429.0,20
2540,1333,134,1,2869.0,0
2541,1334,154,1,519.0,5
2542,1335,144,3,2009.0,5
2543,1336,35,1,749.0,0
2544,1337,38,1,3659.0,0
2545,1337,137,1,3509.0,0
2546,1337,174,1,619.0,0
2547,1337,34,1,1059.0,10
2548,1338,87,1,1689.0,0
2549,1339,174,1,619.0,5
2550,1340,149,1,3149.0,0
2551,1340,94,1,1509.0,0
2552,1341,156,1,459.0,0
2553,1342,91,1,719.0,0
2554,1342,170,1,489.0,10
2555,1342,109,1,699.0,10
2556,1342,118,1,479.0,5
2557,1343,178,1,169.0,20
2558,1344,96,1,309.0,0
2559,1345,48,1,3959.0,0
2560,1346,170,1,489.0,0
2561,1347,105,1,169.0,0
2562,1348,20,1,4369.0,0
2563,1348,15,1,3889.0,5
2564,1349,175,3,409.0,0
2565,1349,6,1,919.0,0
2566,1349,150,1,2599.0,10
2567,1349,139,1,3249.0,0
2568,1350,62,1,1169.0,0
2569,1351,38,1,3659.0,0
2570,1352,56,1,1739.0,0
2571,1352,147,1,3339.0,10
2572,1353,115,1,1629.0,0
2573,1353,135,1,1609.0,5
2574,1353,137,2,3509.0,0
2575,1354,174,1,619.0,15
2576,1355,177,1,639.0,5
2577,1356,174,1,619.0,10
2578,1357,159,1,439.0,0
2579,1357,104,1,329.0,20
2580,1357,124,1,1869.0,0
2581,1357,163,1,869.0,0
2582,1358,128,3,899.0,0
2583,1359,54,1,2299.0,0
2584,1360,71,1,2909.0,0
2585,1361,73,1,1079.0,15
2586,1362,50,2,529.0,0
2587,1362,118,1,479.0,0
2588,1362,84,1,1179.0,0
2589,1363,107,1,1239.0,0
2590,1363,18,2,5829.0,0
2591,1363,21,1,1439.0,0
2592,1364,20,3,4369.0,0
2593,1364,77,1,699.0,0
2594,1365,70,1,1289.0,15
2595,1366,152,1,539.0,5
2596,1367,148,1,739.0,0
2597,1367,94,1,1509.0,0
2598,1367,57,1,4689.0,0
2599,1367,8,1,1759.0,0
2600,1368,144,1,2009.0,20
2601,1369,12,1,2329.0,0
2602,1369,86,1,2139.0,0
2603,1370,162,1,639.0,0
2604,1371,19,1,2389.0,0
2605,1371,15,1,3889.0,0
2606,1372,23,1,2159.0,0
2607,1373,98,1,719.0,0
2608,1374,15,1,3889.0,0
2609,1374,66,1,1439.0,5
2610,1374,116,2,1469.0,10
2611,1375,80,1,949.0,15
2612,1375,92,1,1689.0,0
2613,1376,146,3,369.0,0
2614,1376,171,1,499.0,20
2615,1376,110,1,1229.0,0
2616,1376,28,1,3919.0,15
2617,1377,60,2,4519.0,0
2618,1378,155,1,749.0,0
2619,1379,111,1,1249.0,0
2620,1379,129,1,3769.0,0
2621,1379,109,1,699.0,10
2622,1379,117,1,1109.0,0
2623,1380,105,1,169.0,0
2624,1380,138,1,2179.0,0
2625,1381,139,1,3249.0,15
2626,1381,75,1,449.0,0
2627,1382,77,1,699.0,5
2628,1383,85,1,419.0,0
2629,1384,29,2,1269.0,0
2630,1384,152,2,539.0,0
2631,1385,142,1,1669.0,0
2632,1386,151,1,149.0,0
2633,1387,45,1,4489.0,0
2634,1387,175,1,409.0,0
2635,1387,110,1,1229.0,10
2636,1387,145,1,1329.0,0
2637,1388,27,1,5699.0,0
2638,1388,111,1,1249.0,0
2639,1389,56,1,1739.0,15
2640,1389,37,1,439.0,5
2641,1389,92,2,1689.0,10
2642,1389,150,1,2599.0,15
2643,1390,149,1,3149.0,0
2644,1390,10,1,3059.0,0
2645,1391,147,1,3339.0,0
2646,1391,88,1,2049.0,5
2647,1391,59,1,4109.0,0
2648,1392,121,1,3789.0,0
2649,1393,55,2,1459.0,0
2650,1393,90,1,2839.0,5
2651,1393,10,1,3059.0,0
2652,1393,27,1,5699.0,5
2653,1394,171,1,499.0,0
2654,1395,16,2,3969.0,0
2655,1395,60,1,4519.0,0
2656,1395,46,1,959.0,0
2657,1395,84,2,1179.0,15
2658,1396,151,2,149.0,0
2659,1396,13,1,3179.0,0
2660,1396,178,2,169.0,0
2661,1397,32,1,4219.0,10
2662,1398,154,1,519.0,0
2663,1398,22,1,989.0,15
2664,1399,120,2,1229.0,5
2665,1400,15,3,3889.0,0
2666,1401,119,1,619.0,0
2667,1401,72,1,1649.0,5
2668,1402,83,1,549.0,10
2669,1402,26,1,5849.0,10
2670,1402,97,1,1649.0,5
2671,1402,155,1,749.0,5
2672,1403,157,1,129.0,0
2673,1404,107,1,1239.0,10
2674,1404,53,1,4579.0,0
2675,1404,45,1,4489.0,5
2676,1405,23,1,2159.0,5
2677,1405,118,1,479.0,0
2678,1406,142,1,1669.0,0
2679,1407,95,1,1029.0,0
2680,1408,90,2,2839.0,5
2681,1409,142,1,1669.0,0
2682,1409,63,1,929.0,10
2683,1409,65,1,329.0,0
2684,1409,176,3,509.0,20
2685,1410,144,2,2009.0,15
2686,1410,118,1,479.0,10
2687,1411,172,1,249.0,20
2688,1411,38,1,3659.0,0
2689,1412,169,1,789.0,0
2690,1412,24,3,2429.0,0
2691,1412,104,1,329.0,0
2692,1413,101,2,1219.0,10
2693,1414,35,2,749.0,5
2694,1415,52,1,1859.0,5
2695,1415,27,1,5699.0,10
2696,1415,81,1,1299.0,5
2697,1416,59,1,4109.0,20
2698,1416,143,1,2429.0,0
2699,1416,53,1,4579.0,5
2700,1416,67,1,629.0,0
2701,1417,53,1,4579.0,0
2702,1417,109,1,699.0,0
2703,1418,77,1,699.0,0
2704,1419,153,1,689.0,0
2705,1419,178,2,169.0,5
2706,1420,45,1,4489.0,0
2707,1420,114,1,1769.0,0
2708,1421,98,1,719.0,10
2709,1421,167,1,119.0,10
2710,1422,56,1,1739.0,10
2711,1423,105,1,169.0,5
2712,1424,24,1,2429.0,0
2713,1425,11,1,3989.0,0
2714,1426,110,1,1229.0,0
2715,1426,68,1,2859.0,0
2716,1426,5,1,3939.0,0
2717,1426,78,1,2969.0,0
2718,1427,119,1,619.0,0
2719,1427,12,1,2329.0,5
2720,1428,21,1,1439.0,0
2721,1428,133,1,3549.0,0
2722,1429,73,3,1079.0,10
2723,1429,48,1,3959.0,0
2724,1430,97,1,1649.0,10
2725,1430,120,1,1229.0,15
2726,1431,36,1,3959.0,0
2727,1432,157,1,129.0,10
2728,1432,88,1,2049.0,0
2729,1432,61,1,2489.0,0
2730,1433,158,3,779.0,0
2731,1433,48,2,3959.0,0
2732,1434,97,1,1649.0,0
2733,1435,156,1,459.0,0
2734,1436,137,1,3509.0,0
2735,1437,102,1,429.0,20
2736,1438,132,1,789.0,0
2737,1439,177,1,639.0,20
2738,1439,130,1,2399.0,10
2739,1440,14,1,1849.0,0
2740,1441,35,1,749.0,0
2741,1442,164,1,549.0,0
2742,1443,53,1,4579.0,0
2743,1443,77,1,699.0,0
2744,1444,116,1,1469.0,0
2745,1445,160,1,229.0,10
2746,1445,172,1,249.0,0
2747,1446,142,1,1669.0,10
2748,1446,155,1,749.0,0
2749,1446,137,1,3509.0,0
2750,1447,61,1,2489.0,5
2751,1447,22,1,989.0,5
2752,1448,83,1,549.0,15
2753,1448,50,1,529.0,0
2754,1448,124,1,1869.0,0
2755,1449,129,1,3769.0,0
2756,1449,175,1,409.0,5
2757,1449,160,1,229.0,0
2758,1450,68,1,2859.0,0
2759,1450,168,1,149.0,5
2760,1451,55,1,1459.0,10
2761,1452,58,1,3319.0,0
2762,1452,127,1,3449.0,0
2763,1452,104,1,329.0,10
2764,1452,126,1,1359.0,5
2765,1453,113,1,599.0,5
2766,1454,51,1,549.0,15
2767,1454,43,1,1839.0,5
2768,1454,151,1,149.0,0
2769,1454,107,2,1239.0,5
2770,1455,109,1,699.0,10
2771,1456,100,1,1619.0,0
2772,1456,180,1,859.0,0
2773,1457,64,1,2519.0,20
2774,1458,167,1,119.0,15
2775,1458,49,2,2809.0,0
2776,1459,127,1,3449.0,0
2777,1459,77,1,699.0,0
2778,1460,95,1,1029.0,0
2779,1461,173,1,429.0,0
2780,1462,7,2,5139.0,0
2781,1463,154,1,519.0,15
2782,1464,156,1,459.0,5
2783,1464,59,1,4109.0,0
2784,1464,95,1,1029.0,15
2785,1464,33,1,1699.0,10
2786,1465,50,1,529.0,0
2787,1465,144,1,2009.0,5
2788,1465,30,1,1049.0,5
2789,1466,163,1,869.0,0
2790,1467,76,1,2759.0,5
2791,1467,97,1,1649.0,0
2792,1468,179,2,129.0,5
2793,1469,119,1,619.0,0
2794,1469,55,1,1459.0,0
2795,1470,77,1,699.0,0
2796,1470,128,1,899.0,5
2797,1471,176,1,509.0,0
2798,1471,139,1,3249.0,5
2799,1472,8,1,1759.0,0
2800,1472,171,1,499.0,0
2801,1472,114,1,1769.0,0
2802,1472,84,3,1179.0,0
2803,1473,95,1,1029.0,0
2804,1473,109,1,699.0,0
2805,1474,50,1,529.0,0
2806,1475,156,1,459.0,0
2807,1475,110,1,1229.0,15
2808,1476,63,1,929.0,0
2809,1477,178,1,169.0,0
2810,1478,159,1,439.0,0
2811,1478,127,1,3449.0,10
2812,1479,152,1,539.0,0
2813,1480,45,1,4489.0,15
2814,1480,24,3,2429.0,0
2815,1480,145,1,1329.0,0
2816,1480,29,1,1269.0,0
2817,1481,38,1,3659.0,0
2818,1482,162,2,639.0,0
2819,1483,49,1,2809.0,10
2820,1483,45,1,4489.0,0
2821,1484,95,1,1029.0,5
2822,1485,29,1,1269.0,0
2823,1485,158,1,779.0,5
2824,1485,177,1,639.0,0
2825,1486,66,1,1439.0,0
2826,1486,45,1,4489.0,0
2827,1486,115,2,1629.0,0
2828,1487,10,1,3059.0,0
2829,1487,128,1,899.0,0
2830,1487,112,1,309.0,0
2831,1488,59,1,4109.0,10
2832,1488,114,1,1769.0,10
2833,1489,107,1,1239.0,0
2834,1489,83,1,549.0,5
2835,1490,44,1,3769.0,0
2836,1491,103,1,1159.0,5
2837,1491,72,1,1649.0,0
2838,1491,43,1,1839.0,0
2839,1491,94,1,1509.0,15
2840,1492,143,1,2429.0,0
2841,1492,149,1,3149.0,0
2842,1492,145,1,1329.0,0
2843,1493,18,1,5829.0,0
2844,1493,110,1,1229.0,5
2845,1493,165,1,449.0,0
2846,1494,58,1,3319.0,0
2847,1495,124,1,1869.0,0
2848,1496,141,3,3599.0,10
2849,1497,130,2,2399.0,10
2850,1498,152,1,539.0,0
2851,1499,75,1,449.0,0
2852,1499,133,1,3549.0,0
2853,1500,45,1,4489.0,15
2854,1500,58,1,3319.0,0
2855,1500,124,1,1869.0,0
2856,1501,46,3,959.0,0
2857,1502,159,1,439.0,10
2858,1503,89,1,2179.0,0
2859,1503,100,1,1619.0,0
2860,1504,28,1,3919.0,5
2861,1504,42,1,1929.0,0
2862,1504,123,1,319.0,5
2863,1505,43,1,1839.0,0
2864,1506,6,1,919.0,0
2865,1506,38,1,3659.0,0
2866,1506,92,1,1689.0,0
2867,1507,114,1,1769.0,0
2868,1508,134,2,2869.0,0
2869,1508,38,1,3659.0,0
2870,1508,101,1,1219.0,5
2871,1509,11,1,3989.0,0
2872,1510,11,1,3989.0,0
2873,1511,168,1,149.0,0
2874,1512,104,1,329.0,0
2875,1512,143,1,2429.0,0
2876,1512,63,1,929.0,0
2877,1512,46,1,959.0,0
2878,1513,56,1,1739.0,5
2879,1514,145,2,1329.0,0
2880,1514,91,2,719.0,0
2881,1515,140,1,2889.0,0
2882,1515,93,1,589.0,15
2883,1516,92,1,1689.0,5
2884,1517,103,2,1159.0,0
2885,1518,106,1,1069.0,0
2886,1518,88,3,2049.0,0
2887,1519,88,1,2049.0,5
2888,1519,33,1,1699.0,0
2889,1519,174,1,619.0,0
2890,1520,16,1,3969.0,20
2891,1521,65,1,329.0,0
2892,1522,8,1,1759.0,0
2893,1522,180,1,859.0,0
2894,1523,142,1,1669.0,0
2895,1523,53,2,4579.0,0
2896,1523,32,1,4219.0,0
2897,1524,64,1,2519.0,10
2898,1524,21,1,1439.0,0
2899,1524,53,1,4579.0,5
2900,1525,34,1,1059.0,0
2901,1525,47,1,3909.0,20
2902,1526,170,2,489.0,0
2903,1527,56,1,1739.0,0
2904,1527,34,2,1059.0,0
2905,1527,57,1,4689.0,0
2906,1527,77,1,699.0,0
2907,1528,6,1,919.0,0
2908,1528,78,1,2969.0,0
2909,1529,67,1,629.0,10
2910,1530,169,3,789.0,0
2911,1530,97,2,1649.0,5
2912,1531,178,1,169.0,0
2913,1532,97,1,1649.0,0
2914,1532,94,1,1509.0,5
2915,1532,54,1,2299.0,0
2916,1533,168,1,149.0,0
2917,1534,128,3,899.0,5
2918,1535,4,1,1109.0,10
2919,1535,43,3,1839.0,0
2920,1535,83,1,549.0,0
2921,1535,32,1,4219.0,0
2922,1536,143,2,2429.0,0
2923,1536,19,1,2389.0,15
2924,1536,101,1,1219.0,0
2925,1537,33,1,1699.0,5
2926,1537,30,1,1049.0,0
2927,1537,123,1,319.0,0
2928,1537,153,3,689.0,0
2929,1538,63,1,929.0,0
2930,1538,127,1,3449.0,5
2931,1538,118,1,479.0,0
2932,1539,48,2,3959.0,0
2933,1539,8,1,1759.0,0
2934,1539,156,1,459.0,5
2935,1539,155,2,749.0,5
2936,1540,6,1,919.0,0
2937,1541,59,1,4109.0,0
2938,1542,123,1,319.0,0
2939,1542,166,1,389.0,5
2940,1543,140,1,2889.0,0
2941,1544,52,1,1859.0,5
2942,1545,129,1,3769.0,5
2943,1545,174,1,619.0,0
2944,1546,152,1,539.0,0
2945,1547,110,1,1229.0,0
2946,1547,8,1,1759.0,10
2947,1548,41,1,4379.0,0
2948,1549,78,1,2969.0,5
2949,1549,148,1,739.0,0
2950,1550,159,1,439.0,10
2951,1551,153,1,689.0,0
2952,1551,163,3,869.0,15
2953,1552,99,2,1359.0,0
2954,1553,152,1,539.0,0
2955,1553,52,1,1859.0,0
2956,1554,33,1,1699.0,10
2957,1555,36,1,3959.0,10
2958,1556,74,1,1959.0,0
2959,1556,79,1,2119.0,0
2960,1556,124,2,1869.0,15
2961,1557,66,3,1439.0,0
2962,1557,4,1,1109.0,10
2963,1558,57,2,4689.0,0
2964,1559,161,1,549.0,0
2965,1559,52,1,1859.0,0
2966,1560,40,1,2059.0,5
2967,1561,110,2,1229.0,0
2968,1562,76,1,2759.0,5
2969,1562,92,1,1689.0,15
2970,1562,63,1,929.0,15
2971,1562,166,1,389.0,20
2972,1563,163,1,869.0,5
2973,1563,42,1,1929.0,0
2974,1564,13,1,3179.0,0
2975,1565,164,1,549.0,0
2976,1566,24,1,2429.0,10
2977,1567,128,3,899.0,15
2978,1568,74,1,1959.0,0
2979,1568,148,1,739.0,0
2980,1569,166,1,389.0,0
2981,1569,164,2,549.0,0
2982,1569,116,1,1469.0,0
2983,1570,152,1,539.0,0
2984,1571,8,2,1759.0,0
2985,1571,152,1,539.0,0
2986,1572,47,1,3909.0,10
2987,1572,14,1,1849.0,0
2988,1573,152,1,539.0,0
2989,1574,151,1,149.0,0
2990,1575,113,1,599.0,10
2991,1576,13,1,3179.0,0
2992,1577,161,1,549.0,5
2993,1578,37,1,439.0,0
2994,1578,150,1,2599.0,5
2995,1579,36,1,3959.0,10
2996,1580,80,1,949.0,0
2997,1581,157,1,129.0,0
2998,1581,58,1,3319.0,0
2999,1582,7,2,5139.0,0
3000,1582,17,1,1149.0,0
3001,1582,47,2,3909.0,0
3002,1583,21,1,1439.0,0
3003,1584,152,1,539.0,0
3004,1585,61,1,2489.0,15
3005,1585,46,1,959.0,0
3006,1586,3,1,1619.0,0
3007,1586,2,1,4619.0,20
3008,1587,95,1,1029.0,0
3009,1587,153,2,689.0,0
3010,1587,67,1,629.0,15
3011,1587,139,3,3249.0,20
3012,1588,131,1,2569.0,10
3013,1588,103,1,1159.0,0
3014,1588,77,1,699.0,0
3015,1589,5,1,3939.0,10
3016,1589,41,1,4379.0,10
3017,1590,56,2,1739.0,0
3018,1591,116,2,1469.0,0
3019,1592,55,1,1459.0,0
3020,1593,37,1,439.0,20
3021,1593,172,1,249.0,5
3022,1593,48,1,3959.0,0
3023,1594,57,1,4689.0,0
3024,1594,70,1,1289.0,0
3025,1595,174,1,619.0,15
3026,1595,37,1,439.0,10
3027,1596,123,2,319.0,0
3028,1596,151,1,149.0,0
3029,1597,155,1,749.0,10
3030,1597,146,1,369.0,10
3031,1597,179,1,129.0,0
3032,1598,90,3,2839.0,5
3033,1598,118,1,479.0,0
3034,1599,157,1,129.0,0
3035,1600,22,1,989.0,0
3036,1601,73,1,1079.0,5
3037,1601,10,1,3059.0,10
3038,1602,68,1,2859.0,0
3039,1603,71,1,2909.0,20
3040,1603,129,1,3769.0,10
3041,1604,149,2,3149.0,0
3042,1604,161,1,549.0,0
3043,1605,149,1,3149.0,0
3044,1606,24,1,2429.0,15
3045,1606,18,1,5829.0,0
3046,1606,48,1,3959.0,10
3047,1606,85,1,419.0,0
3048,1607,172,1,249.0,10
3049,1607,155,1,749.0,5
3050,1608,110,1,1229.0,0
3051,1608,176,1,509.0,5
3052,1609,116,1,1469.0,0
3053,1609,83,1,549.0,0
3054,1610,4,1,1109.0,15
3055,1611,147,1,3339.0,0
3056,1611,157,1,129.0,5
3057,1612,135,2,1609.0,20
3058,1613,7,1,5139.0,0
3059,1614,105,1,169.0,0
3060,1614,122,1,3689.0,0
3061,1615,57,1,4689.0,0
3062,1615,90,1,2839.0,0
3063,1615,4,1,1109.0,0
3064,1615,92,1,1689.0,0
3065,1616,32,1,4219.0,20
3066,1616,98,1,719.0,0
3067,1617,112,2,309.0,0
3068,1618,134,1,2869.0,15
3069,1619,31,1,2199.0,0
3070,1619,88,1,2049.0,0
3071,1620,11,2,3989.0,0
3072,1620,117,1,1109.0,0
3073,1621,145,2,1329.0,15
3074,1621,164,1,549.0,0
3075,1622,81,1,1299.0,0
3076,1623,8,3,1759.0,0
3077,1624,71,1,2909.0,0
3078,1624,42,1,1929.0,10
3079,1624,54,1,2299.0,20
3080,1624,124,1,1869.0,0
3081,1625,20,1,4369.0,0
3082,1626,137,2,3509.0,0
3083,1626,23,1,2159.0,5
3084,1627,60,1,4519.0,20
3085,1627,84,1,1179.0,5
3086,1627,53,1,4579.0,0
3087,1628,10,1,3059.0,10
3088,1629,66,1,1439.0,20
3089,1629,163,1,869.0,0
3090,1630,88,1,2049.0,0
3091,1631,85,1,419.0,0
3092,1631,128,2,899.0,15
3093,1631,178,1,169.0,5
3094,1632,170,1,489.0,5
3095,1633,141,1,3599.0,5
3096,1634,37,1,439.0,0
3097,1635,65,1,329.0,0
3098,1635,48,1,3959.0,0
3099,1635,57,1,4689.0,0
3100,1636,81,1,1299.0,5
3101,1636,52,2,1859.0,0
3102,1636,106,2,1069.0,5
3103,1636,117,3,1109.0,0
3104,1637,104,1,329.0,10
3105,1638,154,1,519.0,0
3106,1638,58,1,3319.0,5
3107,1639,136,1,3299.0,0
3108,1639,105,1,169.0,0
3109,1640,30,1,1049.0,0
3110,1641,3,1,1619.0,0
3111,1642,20,1,4369.0,0
3112,1642,108,2,1339.0,15
3113,1643,119,3,619.0,0
3114,1644,28,1,3919.0,10
3115,1645,131,1,2569.0,0
3116,1645,177,1,639.0,0
3117,1646,118,1,479.0,5
3118,1646,170,1,489.0,0
3119,1646,37,1,439.0,0
3120,1646,63,1,929.0,0
3121,1647,172,1,249.0,15
3122,1648,175,1,409.0,15
3123,1649,161,2,549.0,0
3124,1650,173,1,429.0,5
3125,1650,64,2,2519.0,0
3126,1650,163,1,869.0,0
3127,1651,52,1,1859.0,20
3128,1651,137,1,3509.0,0
3129,1652,175,1,409.0,0
3130,1653,154,1,519.0,0
3131,1653,6,1,919.0,0
3132,1653,72,1,1649.0,10
3133,1654,147,1,3339.0,0
3134,1654,168,1,149.0,0
3135,1654,27,1,5699.0,0
3136,1655,108,1,1339.0,5
3137,1655,14,1,1849.0,0
3138,1656,80,1,949.0,5
3139,1656,51,1,549.0,0
3140,1657,100,1,1619.0,10
3141,1657,140,1,2889.0,20
3142,1657,82,1,2019.0,0
3143,1658,67,1,629.0,5
3144,1658,176,3,509.0,0
3145,1658,52,1,1859.0,10
3146,1658,9,1,2389.0,0
3147,1659,71,1,2909.0,0
3148,1660,65,1,329.0,5
3149,1661,7,1,5139.0,5
3150,1662,106,1,1069.0,15
3151,1662,123,1,319.0,0
3152,1662,150,1,2599.0,10
3153,1663,166,1,389.0,0
3154,1664,51,1,549.0,0
3155,1664,6,1,919.0,0
3156,1665,104,1,329.0,10
3157,1666,17,1,1149.0,5
3158,1666,88,1,2049.0,0
3159,1667,113,2,599.0,5
3160,1667,6,1,919.0,0
3161,1667,158,1,779.0,10
3162,1668,144,1,2009.0,0
3163,1669,8,1,1759.0,0
3164,1669,99,1,1359.0,0
3165,1669,140,1,2889.0,10
3166,1669,113,1,599.0,0
3167,1670,26,1,5849.0,0
3168,1671,62,1,1169.0,0
3169,1671,44,1,3769.0,0
3170,1672,124,1,1869.0,0
3171,1673,58,1,3319.0,15
3172,1673,149,1,3149.0,0
3173,1673,174,1,619.0,5
3174,1674,162,1,639.0,10
3175,1674,98,1,719.0,0
3176,1675,179,1,129.0,0
3177,1676,61,1,2489.0,0
3178,1677,33,2,1699.0,5
3179,1677,153,1,689.0,0
3180,1678,124,2,1869.0,5
3181,1678,98,1,719.0,0
3182,1679,80,1,949.0,10
3183,1679,107,1,1239.0,15
3184,1680,113,2,599.0,5
3185,1680,36,1,3959.0,10
3186,1680,96,1,309.0,5
3187,1681,30,1,1049.0,0
3188,1681,87,1,1689.0,0
3189,1682,101,1,1219.0,0
3190,1682,14,1,1849.0,0
3191,1682,93,2,589.0,5
3192,1683,77,1,699.0,5
3193,1683,9,1,2389.0,5
3194,1683,103,1,1159.0,0
3195,1684,2,2,4619.0,0
3196,1685,63,1,929.0,0
3197,1686,73,1,1079.0,0
3198,1686,5,1,3939.0,0
3199,1687,48,1,3959.0,0
3200,1688,68,1,2859.0,0
3201,1688,150,1,2599.0,10
3202,1689,119,1,619.0,0
3203,1690,81,1,1299.0,0
3204,1690,171,1,499.0,0
3205,1690,60,1,4519.0,0
3206,1691,97,1,1649.0,0
3207,1691,125,1,3869.0,0
3208,1692,30,1,1049.0,5
3209,1693,87,1,1689.0,0
3210,1693,34,1,1059.0,5
3211,1694,74,1,1959.0,0
3212,1694,105,1,169.0,0
3213,1695,123,1,319.0,10
3214,1696,68,1,2859.0,0
3215,1696,140,2,2889.0,15
3216,1697,79,1,2119.0,0
3217,1697,64,1,2519.0,10
3218,1698,127,1,3449.0,5
3219,1699,23,1,2159.0,0
3220,1699,38,1,3659.0,5
3221,1699,98,1,719.0,0
3222,1700,91,1,719.0,5
3223,1701,8,3,1759.0,0
3224,1702,120,1,1229.0,0
3225,1703,29,1,1269.0,5
3226,1703,77,1,699.0,0
3227,1703,76,1,2759.0,0
3228,1704,137,1,3509.0,10
3229,1704,53,1,4579.0,15
3230,1704,26,1,5849.0,10
3231,1704,8,1,1759.0,0
3232,1705,25,2,3649.0,0
3233,1705,174,1,619.0,15
3234,1705,140,1,2889.0,0
3235,1706,93,3,589.0,5
3236,1706,79,3,2119.0,0
3237,1707,8,1,1759.0,0
3238,1708,168,1,149.0,0
3239,1708,34,1,1059.0,0
3240,1708,126,1,1359.0,5
3241,1708,71,1,2909.0,0
3242,1709,74,2,1959.0,10
3243,1710,175,1,409.0,10
3244,1711,12,1,2329.0,0
3245,1712,20,1,4369.0,0
3246,1712,111,1,1249.0,0
3247,1713,135,3,1609.0,0
3248,1714,177,1,639.0,5
3249,1714,98,1,719.0,0
3250,1715,18,1,5829.0,10
3251,1716,106,1,1069.0,10
3252,1716,23,2,2159.0,5
3253,1717,155,1,749.0,10
3254,1717,118,1,479.0,0
3255,1717,101,2,1219.0,0
3256,1717,151,2,149.0,20
3257,1718,133,1,3549.0,0
3258,1718,86,1,2139.0,5
3259,1719,172,1,249.0,0
3260,1719,117,1,1109.0,5
3261,1719,173,1,429.0,0
3262,1719,51,1,549.0,0
3263,1720,149,1,3149.0,5
3264,1720,5,2,3939.0,0
3265,1720,93,1,589.0,0
3266,1720,129,1,3769.0,0
3267,1721,142,1,1669.0,5
3268,1721,97,1,1649.0,15
3269,1721,10,1,3059.0,0
3270,1722,33,1,1699.0,0
3271,1722,69,1,1709.0,10
3272,1723,15,1,3889.0,10
3273,1723,121,1,3789.0,10
3274,1724,84,2,1179.0,15
3275,1724,72,1,1649.0,0
3276,1724,30,1,1049.0,0
3277,1724,24,1,2429.0,0
3278,1725,30,1,1049.0,10
3279,1726,80,1,949.0,0
3280,1727,62,3,1169.0,0
3281,1727,101,1,1219.0,0
3282,1727,157,1,129.0,5
3283,1728,63,2,929.0,0
3284,1729,177,1,639.0,0
3285,1729,169,2,789.0,0
3286,1729,156,1,459.0,10
3287,1730,129,1,3769.0,0
3288,1730,17,1,1149.0,0
3289,1731,59,2,4109.0,20
3290,1731,150,1,2599.0,0
3291,1731,35,1,749.0,0
3292,1732,67,1,629.0,0
3293,1732,65,1,329.0,0
3294,1733,129,2,3769.0,0
3295,1734,139,1,3249.0,0
3296,1734,143,1,2429.0,0
3297,1734,78,1,2969.0,0
3298,1734,51,1,549.0,5
3299,1735,75,1,449.0,5
3300,1735,113,1,599.0,15
3301,1736,53,1,4579.0,5
3302,1736,28,1,3919.0,0
3303,1736,142,2,1669.0,0
3304,1737,87,2,1689.0,0
3305,1738,40,1,2059.0,0
3306,1739,26,1,5849.0,0
3307,1739,15,1,3889.0,20
3308,1739,123,1,319.0,0
3309,1739,72,1,1649.0,15
3310,1740,26,1,5849.0,0
3311,1740,67,1,629.0,0
3312,1740,31,3,2199.0,0
3313,1740,131,1,2569.0,10
3314,1741,70,1,1289.0,0
3315,1742,134,1,2869.0,0
3316,1743,8,2,1759.0,0
3317,1743,55,1,1459.0,0
3318,1743,171,1,499.0,0
3319,1744,60,1,4519.0,20
3320,1745,93,1,589.0,0
3321,1745,14,1,1849.0,0
3322,1745,148,1,739.0,0
3323,1745,38,1,3659.0,0
3324,1746,7,1,5139.0,0
3325,1747,109,1,699.0,0
3326,1747,40,1,2059.0,0
3327,1748,159,2,439.0,5
3328,1748,105,1,169.0,0
3329,1748,11,1,3989.0,0
3330,1748,138,1,2179.0,0
3331,1749,18,1,5829.0,20
3332,1749,168,1,149.0,0
3333,1749,76,1,2759.0,0
3334,1750,97,1,1649.0,0
3335,1751,84,1,1179.0,10
3336,1751,96,1,309.0,0
3337,1752,123,1,319.0,20
3338,1753,35,1,749.0,10
3339,1753,150,1,2599.0,0
3340,1754,105,1,169.0,0
3341,1754,63,1,929.0,0
3342,1755,145,1,1329.0,0
3343,1756,9,2,2389.0,15
3344,1756,59,2,4109.0,20
3345,1756,61,1,2489.0,0
3346,1756,80,1,949.0,0
3347,1757,60,1,4519.0,0
3348,1757,83,1,549.0,0
3349,1757,29,1,1269.0,0
3350,1758,167,1,119.0,0
3351,1758,160,1,229.0,0
3352,1759,145,1,1329.0,0
3353,1759,80,1,949.0,5
3354,1759,143,1,2429.0,0
3355,1760,124,1,1869.0,0
3356,1761,32,1,4219.0,5
3357,1761,154,1,519.0,0
3358,1762,178,1,169.0,0
3359,1762,41,1,4379.0,0
3360,1762,15,1,3889.0,0
3361,1763,68,1,2859.0,15
3362,1763,64,1,2519.0,10
3363,1763,114,2,1769.0,0
3364,1764,169,1,789.0,5
3365,1765,154,2,519.0,15
3366,1766,116,1,1469.0,5
3367,1766,119,1,619.0,10
3368,1766,105,1,169.0,0
3369,1767,148,1,739.0,10
3370,1768,127,1,3449.0,10
3371,1769,80,1,949.0,15
3372,1770,52,1,1859.0,10
3373,1771,145,1,1329.0,0
3374,1771,153,1,689.0,0
3375,1772,37,2,439.0,0
3376,1772,20,1,4369.0,15
3377,1773,59,1,4109.0,0
3378,1774,57,1,4689.0,5
3379,1775,152,1,539.0,10
3380,1776,30,1,1049.0,0
3381,1777,76,1,2759.0,5
3382,1777,55,1,1459.0,0
3383,1777,65,1,329.0,0
3384,1778,26,2,5849.0,0
3385,1779,24,1,2429.0,0
3386,1780,46,3,959.0,0
3387,1781,168,1,149.0,15
3388,1782,25,1,3649.0,10
3389,1783,117,1,1109.0,0
3390,1783,87,1,1689.0,0
3391,1784,70,1,1289.0,5
3392,1785,97,1,1649.0,0
3393,1785,107,1,1239.0,0
3394,1785,61,1,2489.0,0
3395,1785,180,1,859.0,5
3396,1786,36,1,3959.0,0
3397,1787,176,1,509.0,0
3398,1788,6,2,919.0,5
3399,1788,50,1,529.0,0
3400,1788,41,2,4379.0,0
3401,1789,118,1,479.0,0
3402,1789,8,1,1759.0,0
3403,1789,175,1,409.0,0
3404,1790,24,1,2429.0,0
3405,1790,85,1,419.0,0
3406,1791,180,1,859.0,20
3407,1792,87,1,1689.0,15
3408,1792,69,2,1709.0,0
3409,1792,119,1,619.0,0
3410,1792,56,1,1739.0,5
3411,1793,79,1,2119.0,20
3412,1793,3,1,1619.0,0
3413,1793,86,1,2139.0,0
3414,1793,113,1,599.0,0
3415,1794,114,1,1769.0,0
3416,1795,68,3,2859.0,0
3417,1795,38,1,3659.0,0
3418,1796,116,1,1469.0,5
3419,1796,98,1,719.0,15
3420,1797,137,1,3509.0,10
3421,1797,151,1,149.0,0
3422,1798,174,1,619.0,0
3423,1798,105,1,169.0,0
3424,1798,32,1,4219.0,0
3425,1799,61,1,2489.0,0
3426,1800,31,1,2199.0,10
3427,1801,71,2,2909.0,5
3428,1802,149,1,3149.0,0
3429,1802,109,1,699.0,0
3430,1802,88,1,2049.0,0
3431,1803,149,1,3149.0,0
3432,1803,63,1,929.0,10
3433,1804,70,1,1289.0,5
3434,1804,127,1,3449.0,0
3435,1805,118,2,479.0,5
3436,1805,176,1,509.0,0
3437,1805,167,1,119.0,0
3438,1805,104,1,329.0,10
3439,1806,140,1,2889.0,20
3440,1806,2,1,4619.0,0
3441,1807,119,1,619.0,0
3442,1808,12,1,2329.0,10
3443,1809,32,2,4219.0,0
3444,1810,132,2,789.0,0
3445,1810,25,1,3649.0,10
3446,1811,92,1,1689.0,0
3447,1811,50,1,529.0,0
3448,1812,82,1,2019.0,0
3449,1812,99,1,1359.0,0
3450,1813,24,2,2429.0,10
3451,1813,49,1,2809.0,0
3452,1814,17,1,1149.0,20
3453,1815,144,1,2009.0,0
3454,1815,177,2,639.0,0
3455,1815,103,1,1159.0,0
3456,1815,158,1,779.0,0
3457,1816,90,2,2839.0,0
3458,1816,135,1,1609.0,0
3459,1817,4,1,1109.0,0
3460,1817,8,1,1759.0,10
3461,1818,8,1,1759.0,0
3462,1819,110,2,1229.0,10
3463,1820,42,1,1929.0,10
3464,1820,56,1,1739.0,20
3465,1820,19,1,2389.0,0
3466,1820,105,2,169.0,5
3467,1821,78,1,2969.0,0
3468,1821,68,1,2859.0,0
3469,1821,115,2,1629.0,0
3470,1821,168,1,149.0,0
3471,1822,44,1,3769.0,0
3472,1823,13,1,3179.0,0
3473,1824,85,1,419.0,0
3474,1825,132,1,789.0,0
3475,1826,147,1,3339.0,0
3476,1827,4,1,1109.0,0
3477,1827,5,1,3939.0,10
3478,1827,19,1,2389.0,0
3479,1828,104,1,329.0,0
3480,1828,20,1,4369.0,0
3481,1829,49,1,2809.0,0
3482,1830,172,1,249.0,15
3483,1830,16,1,3969.0,5
3484,1831,41,3,4379.0,15
3485,1832,81,1,1299.0,5
3486,1833,11,1,3989.0,0
3487,1833,84,1,1179.0,15
3488,1833,61,1,2489.0,5
3489,1834,100,1,1619.0,0
3490,1835,167,1,119.0,5
3491,1836,65,1,329.0,0
3492,1836,118,1,479.0,10
3493,1836,1,1,2759.0,0
3494,1836,125,1,3869.0,0
3495,1837,97,1,1649.0,0
3496,1838,163,1,869.0,10
3497,1839,178,1,169.0,0
3498,1839,179,3,129.0,10
3499,1839,169,2,789.0,0
3500,1839,53,1,4579.0,0
3501,1840,81,1,1299.0,0
3502,1840,106,1,1069.0,15
3503,1840,60,2,4519.0,10
3504,1840,11,1,3989.0,20
3505,1841,73,1,1079.0,0
3506,1841,140,1,2889.0,10
3507,1841,24,3,2429.0,0
3508,1842,149,1,3149.0,15
3509,1843,119,1,619.0,0
3510,1843,105,1,169.0,0
3511,1844,6,1,919.0,5
3512,1844,57,1,4689.0,0
3513,1844,90,1,2839.0,0
3514,1845,79,2,2119.0,15
3515,1845,35,1,749.0,0
3516,1845,21,1,1439.0,0
3517,1845,37,1,439.0,15
3518,1846,159,1,439.0,0
3519,1847,144,1,2009.0,0
3520,1847,23,1,2159.0,10
3521,1848,22,1,989.0,0
3522,1849,101,1,1219.0,5
3523,1850,74,1,1959.0,0
3524,1850,31,1,2199.0,10
3525,1851,159,3,439.0,5
3526,1852,14,1,1849.0,0
3527,1853,50,1,529.0,0
3528,1853,60,1,4519.0,0
3529,1853,150,1,2599.0,15
3530,1854,77,1,699.0,0
3531,1854,142,1,1669.0,0
3532,1855,169,1,789.0,0
3533,1855,165,1,449.0,0
3534,1856,24,1,2429.0,0
3535,1857,14,1,1849.0,0
3536,1857,123,1,319.0,0
3537,1858,47,1,3909.0,0
3538,1859,41,1,4379.0,15
3539,1859,30,1,1049.0,5
3540,1860,21,1,1439.0,0
3541,1860,25,1,3649.0,15
3542,1861,128,1,899.0,0
3543,1861,52,1,1859.0,0
3544,1861,102,1,429.0,0
3545,1862,95,1,1029.0,15
3546,1862,21,1,1439.0,0
3547,1863,133,1,3549.0,10
3548,1863,98,1,719.0,5
3549,1864,9,1,2389.0,0
3550,1864,65,1,329.0,15
3551,1865,5,1,3939.0,0
3552,1866,82,1,2019.0,15
3553,1866,172,1,249.0,0
3554,1867,47,1,3909.0,0
3555,1867,126,1,1359.0,0
3556,1868,32,1,4219.0,15
3557,1869,150,1,2599.0,0
3558,1869,77,1,699.0,0
3559,1870,91,1,719.0,5
3560,1870,26,1,5849.0,0
3561,1870,167,1,119.0,10
3562,1870,64,1,2519.0,15
3563,1871,123,1,319.0,10
3564,1871,36,1,3959.0,0
3565,1871,146,1,369.0,0
3566,1871,72,1,1649.0,0
3567,1872,59,1,4109.0,10
3568,1872,124,2,1869.0,0
3569,1873,31,1,2199.0,15
3570,1874,46,1,959.0,0
3571,1874,95,2,1029.0,0
3572,1875,71,1,2909.0,0
3573,1875,47,1,3909.0,15
3574,1875,161,1,549.0,0
3575,1875,28,1,3919.0,0
3576,1876,104,1,329.0,0
3577,1876,146,1,369.0,0
3578,1877,19,1,2389.0,0
3579,1877,148,1,739.0,0
3580,1878,77,1,699.0,20
3581,1879,171,1,499.0,0
3582,1880,151,1,149.0,15
3583,1881,131,1,2569.0,0
3584,1881,62,1,1169.0,0
3585,1881,10,1,3059.0,10
3586,1881,83,1,549.0,0
3587,1882,84,1,1179.0,0
3588,1883,141,1,3599.0,0
3589,1883,46,1,959.0,0
3590,1884,77,1,699.0,10
3591,1885,15,1,3889.0,10
3592,1886,60,1,4519.0,0
3593,1886,21,1,1439.0,0
3594,1886,110,1,1229.0,0
3595,1887,135,1,1609.0,0
3596,1887,167,1,119.0,0
3597,1887,105,1,169.0,15
3598,1888,47,1,3909.0,0
3599,1889,102,1,429.0,5
3600,1890,173,2,429.0,0
3601,1890,87,3,1689.0,0
3602,1891,124,1,1869.0,0
3603,1892,49,1,2809.0,0
3604,1892,45,1,4489.0,5
3605,1892,176,1,509.0,5
3606,1892,168,1,149.0,0
3607,1893,80,1,949.0,0
3608,1893,74,1,1959.0,0
3609,1893,106,1,1069.0,0
3610,1894,36,2,3959.0,0
3611,1895,82,1,2019.0,0
3612,1895,158,1,779.0,0
3613,1895,180,1,859.0,0
3614,1895,104,3,329.0,20
3615,1896,94,1,1509.0,0
3616,1896,155,1,749.0,0
3617,1896,59,1,4109.0,0
3618,1897,49,2,2809.0,20
3619,1897,86,1,2139.0,0
3620,1898,146,1,369.0,0
3621,1899,11,1,3989.0,0
3622,1899,43,2,1839.0,5
3623,1900,69,1,1709.0,0
3624,1900,37,2,439.0,5
3625,1900,7,1,5139.0,0
3626,1900,155,1,749.0,0
3627,1901,139,1,3249.0,0
3628,1901,71,1,2909.0,0
3629,1901,73,2,1079.0,0
3630,1901,28,1,3919.0,0
3631,1902,112,2,309.0,0
3632,1903,29,1,1269.0,0
3633,1904,67,1,629.0,0
3634,1904,153,3,689.0,0
3635,1905,142,1,1669.0,0
3636,1906,62,1,1169.0,0
3637,1906,145,1,1329.0,0
3638,1907,121,1,3789.0,5
3639,1907,169,1,789.0,0
3640,1907,159,1,439.0,0
3641,1907,140,1,2889.0,5
3642,1908,28,1,3919.0,0
3643,1909,122,1,3689.0,0
3644,1910,130,2,2399.0,10
3645,1910,77,1,699.0,5
3646,1911,132,1,789.0,0
3647,1911,40,1,2059.0,10
3648,1911,129,2,3769.0,0
3649,1912,137,1,3509.0,0
3650,1912,5,1,3939.0,0
3651,1913,151,1,149.0,0
3652,1913,154,1,519.0,0
3653,1913,164,1,549.0,5
3654,1913,174,1,619.0,0
3655,1914,76,1,2759.0,0
3656,1914,98,2,719.0,20
3657,1915,20,1,4369.0,20
3658,1915,151,1,149.0,0
3659,1915,44,1,3769.0,0
3660,1916,132,1,789.0,0
3661,1917,30,2,1049.0,5
3662,1918,24,1,2429.0,10
3663,1918,146,1,369.0,0
3664,1918,50,1,529.0,0
3665,1919,119,1,619.0,20
3666,1919,33,1,1699.0,5
3667,1920,66,1,1439.0,0
3668,1921,65,1,329.0,15
3669,1921,169,1,789.0,15
3670,1921,170,1,489.0,0
3671,1921,88,1,2049.0,5
3672,1922,68,1,2859.0,0
3673,1922,28,1,3919.0,0
3674,1922,57,1,4689.0,0
3675,1923,169,1,789.0,5
3676,1924,99,1,1359.0,0
3677,1924,60,1,4519.0,10
3678,1925,3,1,1619.0,0
3679,1926,120,1,1229.0,10
3680,1926,173,1,429.0,0
3681,1927,137,1,3509.0,5
3682,1928,89,1,2179.0,10
3683,1928,64,1,2519.0,0
3684,1929,86,1,2139.0,5
3685,1930,42,2,1929.0,0
3686,1930,79,1,2119.0,0
3687,1930,63,1,929.0,0
3688,1931,63,1,929.0,15
3689,1932,80,1,949.0,20
3690,1932,35,1,749.0,10
3691,1933,89,1,2179.0,0
3692,1934,167,1,119.0,10
3693,1935,162,3,639.0,0
3694,1936,127,1,3449.0,0
3695,1936,156,1,459.0,5
3696,1937,22,1,989.0,0
3697,1937,1,1,2759.0,10
3698,1938,70,2,1289.0,0
3699,1939,114,1,1769.0,15
3700,1939,131,1,2569.0,0
3701,1939,45,1,4489.0,0
3702,1940,27,1,5699.0,0
3703,1941,18,1,5829.0,0
3704,1941,101,1,1219.0,0
3705,1942,164,1,549.0,0
3706,1943,41,1,4379.0,5
3707,1943,104,1,329.0,0
3708,1943,65,1,329.0,0
3709,1944,104,1,329.0,15
3710,1945,22,1,989.0,0
3711,1945,148,1,739.0,0
3712,1946,134,1,2869.0,0
3713,1947,23,1,2159.0,0
3714,1948,12,1,2329.0,0
3715,1948,73,1,1079.0,15
3716,1948,88,1,2049.0,0
3717,1948,82,1,2019.0,0
3718,1949,133,1,3549.0,5
3719,1949,90,1,2839.0,0
3720,1949,84,1,1179.0,0
3721,1950,124,1,1869.0,0
3722,1951,9,1,2389.0,20
3723,1951,141,1,3599.0,0
3724,1951,37,1,439.0,10
3725,1952,118,1,479.0,5
3726,1953,35,1,749.0,0
3727,1954,80,1,949.0,0
3728,1955,8,1,1759.0,0
3729,1956,169,1,789.0,15
3730,1956,180,1,859.0,5
3731,1956,159,1,439.0,0
3732,1956,174,1,619.0,5
3733,1957,136,1,3299.0,10
3734,1957,132,1,789.0,0
3735,1958,166,1,389.0,0
3736,1959,61,1,2489.0,0
3737,1959,173,1,429.0,0
3738,1960,114,1,1769.0,0
3739,1960,105,1,169.0,0
3740,1961,112,1,309.0,10
3741,1962,97,1,1649.0,0
3742,1963,76,1,2759.0,5
3743,1964,85,1,419.0,5
3744,1964,126,1,1359.0,0
3745,1965,79,1,2119.0,0
3746,1966,98,2,719.0,0
3747,1967,161,1,549.0,5
3748,1968,174,1,619.0,0
3749,1969,39,2,3959.0,10
3750,1969,135,1,1609.0,0
3751,1970,173,1,429.0,0
3752,1970,169,1,789.0,0
3753,1971,163,1,869.0,0
3754,1971,146,1,369.0,0
3755,1971,177,1,639.0,0
3756,1971,5,1,3939.0,10
3757,1972,30,1,1049.0,0
3758,1973,11,1,3989.0,0
3759,1974,77,1,699.0,0
3760,1974,80,1,949.0,0
3761,1974,109,1,699.0,5
3762,1975,162,1,639.0,0
3763,1976,15,1,3889.0,5
3764,1977,132,1,789.0,10
3765,1977,124,1,1869.0,20
3766,1978,16,1,3969.0,15
3767,1979,23,1,2159.0,5
3768,1979,112,1,309.0,5
3769,1980,83,1,549.0,5
3770,1980,106,1,1069.0,5
3771,1981,65,1,329.0,5
3772,1982,173,1,429.0,10
3773,1983,43,1,1839.0,0
3774,1983,156,1,459.0,0
3775,1983,175,1,409.0,0
3776,1984,133,1,3549.0,0
3777,1984,78,1,2969.0,5
3778,1985,174,1,619.0,0
3779,1985,49,1,2809.0,0
3780,1986,3,1,1619.0,5
3781,1986,133,1,3549.0,0
3782,1987,49,1,2809.0,0
3783,1988,18,1,5829.0,0
3784,1989,89,1,2179.0,15
3785,1989,176,1,509.0,5
3786,1989,117,1,1109.0,0
3787,1990,96,1,309.0,0
3788,1990,156,1,459.0,5
3789,1991,56,1,1739.0,5
3790,1991,177,2,639.0,0
3791,1992,60,1,4519.0,0
3792,1993,93,1,589.0,10
3793,1994,171,1,499.0,0
3794,1995,35,1,749.0,0
3795,1996,33,3,1699.0,0
3796,1996,155,1,749.0,10
3797,1997,42,1,1929.0,5
3798,1997,53,2,4579.0,0
3799,1997,32,1,4219.0,0
3800,1997,2,2,4619.0,0
3801,1998,144,1,2009.0,10
3802,1999,55,1,1459.0,0
3803,2000,172,1,249.0,0
3804,2001,121,3,3789.0,0
3805,2001,145,2,1329.0,5
3806,2002,17,2,1149.0,20
3807,2002,60,1,4519.0,0
3808,2003,61,1,2489.0,0
3809,2003,110,1,1229.0,0
3810,2003,36,1,3959.0,0
3811,2004,179,1,129.0,10
3812,2005,92,1,1689.0,0
3813,2006,124,1,1869.0,0
3814,2006,24,1,2429.0,0
3815,2006,168,1,149.0,15
3816,2006,142,1,1669.0,0
3817,2007,122,1,3689.0,20
3818,2007,80,1,949.0,0
3819,2007,39,2,3959.0,0
3820,2007,19,2,2389.0,0
3821,2008,118,1,479.0,5
3822,2009,101,1,1219.0,5
3823,2009,18,3,5829.0,0
3824,2010,43,1,1839.0,15
3825,2010,139,1,3249.0,0
3826,2011,167,1,119.0,0
3827,2011,147,1,3339.0,0
3828,2012,27,1,5699.0,15
3829,2013,26,3,5849.0,0
3830,2013,168,2,149.0,20
3831,2014,31,1,2199.0,5
3832,2014,71,1,2909.0,0
3833,2015,82,1,2019.0,5
3834,2016,141,1,3599.0,0
3835,2017,136,2,3299.0,0
3836,2017,113,1,599.0,0
3837,2018,13,1,3179.0,0
3838,2018,45,1,4489.0,10
3839,2019,115,3,1629.0,0
3840,2020,121,1,3789.0,0
3841,2020,122,1,3689.0,5
3842,2020,146,1,369.0,10
3843,2021,132,1,789.0,0
3844,2022,169,3,789.0,0
3845,2022,118,1,479.0,10
3846,2022,103,2,1159.0,20
3847,2023,111,1,1249.0,0
3848,2024,54,1,2299.0,0
3849,2024,16,1,3969.0,0
3850,2024,79,2,2119.0,0
3851,2025,114,1,1769.0,0
3852,2025,21,1,1439.0,0
3853,2025,139,1,3249.0,0
3854,2025,136,1,3299.0,10
3855,2026,50,1,529.0,5
3856,2027,160,1,229.0,0
3857,2028,159,1,439.0,0
3858,2029,119,1,619.0,0
3859,2030,28,1,3919.0,5
3860,2031,50,1,529.0,5
3861,2031,62,1,1169.0,0
3862,2032,10,1,3059.0,0
3863,2033,73,1,1079.0,0
3864,2033,48,1,3959.0,10
3865,2034,119,1,619.0,0
3866,2035,3,1,1619.0,0
3867,2036,163,1,869.0,0
3868,2036,80,1,949.0,0
3869,2036,70,1,1289.0,20
3870,2037,162,1,639.0,0
3871,2037,177,1,639.0,0
3872,2038,97,1,1649.0,5
3873,2038,79,1,2119.0,0
3874,2039,123,1,319.0,5
3875,2040,134,2,2869.0,0
3876,2041,2,1,4619.0,0
3877,2042,69,1,1709.0,0
3878,2042,81,1,1299.0,15
3879,2042,162,1,639.0,0
3880,2043,153,1,689.0,0
3881,2044,71,1,2909.0,5
3882,2044,120,1,1229.0,0
3883,2045,86,1,2139.0,0
3884,2046,140,1,2889.0,0
3885,2047,63,2,929.0,0
3886,2047,55,1,1459.0,20
3887,2048,4,2,1109.0,0
3888,2049,107,1,1239.0,0
3889,2049,60,1,4519.0,0
3890,2050,99,1,1359.0,0
3891,2051,142,1,1669.0,5
3892,2051,1,1,2759.0,0
3893,2051,121,1,3789.0,0
3894,2052,23,1,2159.0,0
3895,2053,134,1,2869.0,0
3896,2054,80,1,949.0,0
3897,2055,16,2,3969.0,0
3898,2056,60,1,4519.0,0
3899,2057,108,1,1339.0,5
3900,2058,157,1,129.0,0
3901,2058,136,1,3299.0,5
3902,2058,109,2,699.0,0
3903,2059,116,1,1469.0,0
3904,2060,150,1,2599.0,10
3905,2061,127,1,3449.0,0
3906,2062,13,1,3179.0,0
3907,2062,90,1,2839.0,0
3908,2063,16,3,3969.0,10
3909,2064,137,1,3509.0,0
3910,2065,173,1,429.0,0
3911,2065,116,1,1469.0,0
3912,2066,126,1,1359.0,0
3913,2066,6,1,919.0,0
3914,2066,16,1,3969.0,15
3915,2067,123,3,319.0,0
3916,2067,22,1,989.0,5
3917,2067,179,1,129.0,10
3918,2068,61,1,2489.0,5
3919,2068,38,1,3659.0,5
3920,2069,39,3,3959.0,0
3921,2069,35,1,749.0,0
3922,2069,33,1,1699.0,20
3923,2070,1,1,2759.0,5
3924,2071,130,2,2399.0,0
3925,2071,35,3,749.0,10
3926,2072,179,1,129.0,0
3927,2072,162,2,639.0,0
3928,2073,27,1,5699.0,10
3929,2073,63,1,929.0,10
3930,2073,129,1,3769.0,0
3931,2073,90,1,2839.0,15
3932,2074,103,1,1159.0,5
3933,2075,7,2,5139.0,0
3934,2076,135,1,1609.0,10
3935,2076,139,1,3249.0,5
3936,2077,52,1,1859.0,5
3937,2078,23,1,2159.0,0
3938,2078,141,1,3599.0,0
3939,2079,121,3,3789.0,0
3940,2080,86,1,2139.0,0
3941,2080,71,1,2909.0,0
3942,2080,79,1,2119.0,0
3943,2080,123,1,319.0,0
3944,2081,16,1,3969.0,5
3945,2081,69,1,1709.0,0
3946,2082,15,1,3889.0,0
3947,2083,158,3,779.0,5
3948,2084,136,1,3299.0,5
3949,2084,4,1,1109.0,0
3950,2084,93,2,589.0,0
3951,2085,85,1,419.0,0
3952,2085,173,1,429.0,0
3953,2086,74,1,1959.0,5
3954,2086,123,3,319.0,0
3955,2086,89,1,2179.0,0
3956,2086,173,1,429.0,0
3957,2087,178,1,169.0,0
3958,2088,135,1,1609.0,0
3959,2089,172,1,249.0,0
3960,2090,174,1,619.0,0
3961,2090,94,1,1509.0,0
3962,2090,58,1,3319.0,10
3963,2090,170,1,489.0,0
3964,2091,122,1,3689.0,0
3965,2092,121,1,3789.0,0
3966,2092,90,1,2839.0,0
3967,2093,1,1,2759.0,0
3968,2094,139,1,3249.0,0
3969,2094,53,1,4579.0,0
3970,2095,91,1,719.0,0
3971,2096,39,1,3959.0,20
3972,2097,76,1,2759.0,0
3973,2098,45,1,4489.0,0
3974,2098,169,2,789.0,20
3975,2098,36,3,3959.0,10
3976,2098,59,1,4109.0,20
3977,2099,97,1,1649.0,0
3978,2099,1,1,2759.0,0
3979,2100,122,2,3689.0,0
3980,2101,158,2,779.0,0
3981,2101,112,2,309.0,0
3982,2101,106,1,1069.0,0
3983,2101,91,1,719.0,0
3984,2102,11,3,3989.0,0
3985,2102,132,2,789.0,5
3986,2102,123,1,319.0,0
3987,2102,35,1,749.0,0
3988,2103,80,1,949.0,10
3989,2103,30,1,1049.0,0
3990,2104,57,1,4689.0,0
3991,2105,161,1,549.0,10
3992,2105,153,2,689.0,15
3993,2106,47,1,3909.0,10
3994,2106,131,1,2569.0,0
3995,2107,138,3,2179.0,0
3996,2107,92,1,1689.0,0
3997,2108,97,2,1649.0,0
3998,2108,151,1,149.0,0
3999,2108,171,1,499.0,10
4000,2109,150,2,2599.0,15
4001,2109,18,1,5829.0,0
4002,2109,6,1,919.0,15
4003,2109,165,1,449.0,5
4004,2110,133,1,3549.0,10
4005,2111,158,1,779.0,5
4006,2112,34,1,1059.0,10
4007,2112,140,2,2889.0,0
4008,2113,62,1,1169.0,0
4009,2113,97,1,1649.0,0
4010,2113,150,1,2599.0,10
4011,2114,73,1,1079.0,0
4012,2114,53,1,4579.0,0
4013,2114,141,1,3599.0,0
4014,2115,35,1,749.0,20
4015,2116,85,1,419.0,0
4016,2117,121,1,3789.0,0
4017,2117,50,2,529.0,0
4018,2117,41,1,4379.0,0
4019,2118,49,1,2809.0,0
4020,2119,155,1,749.0,0
4021,2120,3,1,1619.0,5
4022,2121,104,1,329.0,5
4023,2122,71,1,2909.0,0
4024,2123,52,1,1859.0,0
4025,2123,112,1,309.0,0
4026,2124,110,1,1229.0,0
4027,2125,66,1,1439.0,0
4028,2125,52,1,1859.0,0
4029,2125,74,2,1959.0,0
4030,2126,105,1,169.0,0
4031,2127,158,3,779.0,0
4032,2127,162,1,639.0,0
4033,2128,126,1,1359.0,15
4034,2128,122,3,3689.0,0
4035,2129,107,1,1239.0,0
4036,2130,134,1,2869.0,0
4037,2131,3,1,1619.0,0
4038,2131,150,1,2599.0,0
4039,2132,21,1,1439.0,5
4040,2133,112,1,309.0,0
4041,2133,73,1,1079.0,0
4042,2134,34,2,1059.0,0
4043,2134,36,2,3959.0,10
4044,2134,167,1,119.0,10
4045,2135,137,2,3509.0,0
4046,2136,25,1,3649.0,10
4047,2136,155,1,749.0,20
4048,2136,112,1,309.0,0
4049,2136,88,1,2049.0,0
4050,2137,86,1,2139.0,0
4051,2137,94,1,1509.0,5
4052,2137,121,1,3789.0,0
4053,2138,3,2,1619.0,0
4054,2139,172,1,249.0,0
4055,2139,4,1,1109.0,10
4056,2139,169,1,789.0,0
4057,2140,78,1,2969.0,0
4058,2140,64,1,2519.0,10
4059,2140,132,1,789.0,0
4060,2140,73,1,1079.0,0
4061,2141,131,1,2569.0,10
4062,2141,45,1,4489.0,0
4063,2141,176,3,509.0,0
4064,2141,78,1,2969.0,0
4065,2142,129,3,3769.0,0
4066,2142,137,1,3509.0,5
4067,2142,57,1,4689.0,10
4068,2142,84,1,1179.0,5
4069,2143,139,1,3249.0,0
4070,2143,39,1,3959.0,0
4071,2143,89,1,2179.0,0
4072,2143,52,1,1859.0,0
4073,2144,169,1,789.0,5
4074,2144,21,1,1439.0,0
4075,2145,116,1,1469.0,0
4076,2145,157,1,129.0,5
4077,2145,104,3,329.0,0
4078,2146,171,3,499.0,0
4079,2146,124,2,1869.0,0
4080,2147,56,1,1739.0,0
4081,2147,28,3,3919.0,0
4082,2148,8,1,1759.0,0
4083,2148,87,3,1689.0,0
4084,2148,46,1,959.0,0
4085,2148,14,1,1849.0,0
4086,2149,146,1,369.0,0
4087,2149,34,1,1059.0,0
4088,2149,138,1,2179.0,0
4089,2150,108,1,1339.0,0
4090,2151,8,2,1759.0,0
4091,2151,118,1,479.0,0
4092,2152,27,2,5699.0,10
4093,2152,26,1,5849.0,0
4094,2153,137,1,3509.0,5
4095,2153,66,1,1439.0,15
4096,2154,170,1,489.0,0
4097,2154,16,1,3969.0,0
4098,2155,31,1,2199.0,10
4099,2155,72,1,1649.0,0
4100,2156,133,1,3549.0,0
4101,2157,6,1,919.0,10
4102,2157,120,2,1229.0,0
4103,2157,118,1,479.0,10
4104,2158,164,1,549.0,0
4105,2158,67,1,629.0,0
4106,2158,75,1,449.0,0
4107,2158,18,1,5829.0,5
4108,2159,38,1,3659.0,0
4109,2159,15,1,3889.0,10
4110,2159,84,1,1179.0,15
4111,2160,147,1,3339.0,0
4112,2160,149,2,3149.0,10
4113,2160,3,1,1619.0,5
4114,2161,92,1,1689.0,0
4115,2162,45,3,4489.0,0
4116,2163,68,1,2859.0,0
4117,2163,77,1,699.0,0
4118,2164,166,1,389.0,0
4119,2164,130,1,2399.0,10
4120,2165,22,2,989.0,0
4121,2165,40,1,2059.0,0
4122,2166,37,1,439.0,0
4123,2166,71,1,2909.0,0
4124,2167,157,2,129.0,5
4125,2167,173,1,429.0,0
4126,2168,19,2,2389.0,5
4127,2168,103,1,1159.0,0
4128,2168,72,1,1649.0,0
4129,2169,11,1,3989.0,0
4130,2169,19,1,2389.0,15
4131,2170,94,1,1509.0,10
4132,2170,116,1,1469.0,0
4133,2171,47,1,3909.0,0
4134,2171,106,1,1069.0,0
4135,2171,16,2,3969.0,0
4136,2172,172,2,249.0,0
4137,2173,58,2,3319.0,15
4138,2173,134,2,2869.0,0
4139,2174,175,1,409.0,0
4140,2174,103,1,1159.0,0
4141,2175,47,1,3909.0,0
4142,2175,13,1,3179.0,5
4143,2175,109,1,699.0,0
4144,2176,119,1,619.0,0
4145,2177,126,1,1359.0,0
4146,2178,44,1,3769.0,0
4147,2178,92,1,1689.0,0
4148,2179,33,1,1699.0,0
4149,2179,43,2,1839.0,0
4150,2180,97,1,1649.0,0
4151,2180,93,1,589.0,0
4152,2181,180,1,859.0,0
4153,2181,148,1,739.0,5
4154,2181,131,1,2569.0,10
4155,2182,128,2,899.0,15
4156,2183,103,1,1159.0,0
4157,2184,178,1,169.0,0
4158,2185,128,1,899.0,0
4159,2185,117,3,1109.0,0
4160,2185,28,1,3919.0,0
4161,2186,131,2,2569.0,0
4162,2187,131,1,2569.0,0
4163,2187,127,1,3449.0,0
4164,2187,78,1,2969.0,0
4165,2188,111,1,1249.0,15
4166,2188,112,1,309.0,0
4167,2188,99,1,1359.0,0
4168,2188,106,1,1069.0,0
4169,2189,48,1,3959.0,20
4170,2190,78,3,2969.0,20
4171,2190,30,1,1049.0,10
4172,2190,128,1,899.0,0
4173,2190,2,2,4619.0,0
4174,2191,109,1,699.0,0
4175,2192,157,1,129.0,0
4176,2192,120,1,1229.0,0
4177,2193,39,1,3959.0,5
4178,2194,100,1,1619.0,10
4179,2194,32,2,4219.0,0
4180,2195,111,1,1249.0,0
4181,2195,154,1,519.0,0
4182,2195,142,1,1669.0,15
4183,2195,109,1,699.0,0
4184,2196,138,1,2179.0,15
4185,2196,156,1,459.0,0
4186,2197,76,1,2759.0,0
4187,2198,129,3,3769.0,0
4188,2198,107,1,1239.0,0
4189,2199,3,1,1619.0,0
4190,2200,82,1,2019.0,0
4191,2200,55,1,1459.0,10
4192,2201,30,1,1049.0,0
4193,2202,14,1,1849.0,0
4194,2203,127,1,3449.0,0
4195,2203,117,1,1109.0,0
4196,2203,142,1,1669.0,0
4197,2203,149,1,3149.0,15
4198,2204,25,1,3649.0,0
4199,2204,77,1,699.0,5
4200,2204,123,1,319.0,5
4201,2205,114,1,1769.0,0
4202,2205,74,1,1959.0,0
4203,2206,152,1,539.0,5
4204,2207,118,1,479.0,0
4205,2207,143,1,2429.0,0
4206,2208,70,1,1289.0,10
4207,2209,55,1,1459.0,0
4208,2210,46,1,959.0,20
4209,2211,116,3,1469.0,0
4210,2211,126,1,1359.0,0
4211,2211,78,1,2969.0,0
4212,2211,42,1,1929.0,0
4213,2212,102,1,429.0,5
4214,2212,151,3,149.0,0
4215,2213,46,1,959.0,0
4216,2213,118,1,479.0,0
4217,2213,153,2,689.0,5
4218,2213,25,1,3649.0,0
4219,2214,168,1,149.0,0
4220,2215,171,1,499.0,0
4221,2215,56,1,1739.0,0
4222,2215,51,1,549.0,20
4223,2216,64,2,2519.0,10
4224,2217,22,1,989.0,0
4225,2217,154,1,519.0,0
4226,2217,163,1,869.0,0
4227,2217,134,1,2869.0,0
4228,2218,176,2,509.0,0
4229,2218,37,1,439.0,0
4230,2218,137,1,3509.0,10
4231,2219,63,1,929.0,0
4232,2219,163,1,869.0,5
4233,2220,86,1,2139.0,0
4234,2220,111,1,1249.0,10
4235,2220,58,1,3319.0,0
4236,2220,178,1,169.0,5
4237,2221,105,3,169.0,10
4238,2221,164,2,549.0,0
4239,2222,54,1,2299.0,0
4240,2222,7,1,5139.0,20
4241,2222,71,1,2909.0,0
4242,2222,28,1,3919.0,0
4243,2223,80,1,949.0,15
4244,2224,65,1,329.0,10
4245,2225,3,1,1619.0,0
4246,2226,21,1,1439.0,0
4247,2227,8,2,1759.0,0
4248,2228,38,1,3659.0,0
4249,2228,174,1,619.0,0
4250,2229,79,1,2119.0,0
4251,2229,168,2,149.0,20
4252,2230,173,1,429.0,0
4253,2231,3,1,1619.0,0
4254,2232,6,1,919.0,5
4255,2233,32,1,4219.0,0
4256,2233,129,1,3769.0,15
4257,2233,154,1,519.0,10
4258,2234,20,1,4369.0,0
4259,2234,150,1,2599.0,0
4260,2235,44,1,3769.0,0
4261,2235,107,3,1239.0,0
4262,2235,26,1,5849.0,0
4263,2236,29,1,1269.0,0
4264,2236,97,1,1649.0,0
4265,2236,36,1,3959.0,0
4266,2236,120,3,1229.0,0
4267,2237,59,1,4109.0,0
4268,2238,149,1,3149.0,5
4269,2239,94,1,1509.0,0
4270,2239,156,1,459.0,0
4271,2240,152,1,539.0,0
4272,2240,77,1,699.0,0
4273,2241,147,1,3339.0,0
4274,2241,158,1,779.0,0
4275,2242,12,1,2329.0,0
4276,2243,56,1,1739.0,0
4277,2244,1,1,2759.0,10
4278,2244,47,1,3909.0,0
4279,2244,57,1,4689.0,0
4280,2244,5,1,3939.0,0
4281,2245,123,2,319.0,0
4282,2245,65,1,329.0,0
4283,2246,17,1,1149.0,15
4284,2246,170,1,489.0,0
4285,2246,24,1,2429.0,15
4286,2247,5,1,3939.0,0
4287,2248,132,1,789.0,0
4288,2248,159,1,439.0,15
4289,2248,10,2,3059.0,0
4290,2249,169,1,789.0,20
4291,2249,57,1,4689.0,0
4292,2250,64,1,2519.0,20
4293,2250,131,1,2569.0,15
4294,2251,13,1,3179.0,15
4295,2252,166,1,389.0,0
4296,2253,171,1,499.0,0
4297,2253,57,1,4689.0,0
4298,2254,161,1,549.0,0
4299,2254,171,2,499.0,0
4300,2255,149,1,3149.0,20
4301,2255,68,1,2859.0,0
4302,2255,154,1,519.0,0
4303,2256,18,3,5829.0,0
4304,2256,169,3,789.0,0
4305,2256,28,3,3919.0,0
4306,2257,84,1,1179.0,0
4307,2258,77,1,699.0,0
4308,2258,69,1,1709.0,0
4309,2259,132,1,789.0,0
4310,2260,142,1,1669.0,0
4311,2261,142,1,1669.0,0
4312,2261,18,1,5829.0,0
4313,2262,168,1,149.0,10
4314,2263,134,1,2869.0,0
4315,2264,43,3,1839.0,5
4316,2264,167,2,119.0,5
4317,2264,162,1,639.0,0
4318,2265,180,1,859.0,0
4319,2266,83,2,549.0,0
4320,2267,47,1,3909.0,0
4321,2267,72,2,1649.0,0
4322,2268,36,3,3959.0,0
4323,2269,50,1,529.0,0
4324,2269,124,1,1869.0,10
4325,2269,176,1,509.0,0
4326,2269,44,1,3769.0,10
4327,2270,177,1,639.0,0
4328,2270,168,1,149.0,15
4329,2271,170,1,489.0,10
4330,2271,91,1,719.0,0
4331,2271,150,1,2599.0,20
4332,2272,169,1,789.0,5
4333,2272,162,3,639.0,0
4334,2272,73,1,1079.0,15
4335,2273,81,1,1299.0,0
4336,2274,33,3,1699.0,10
4337,2274,80,1,949.0,0
4338,2274,11,3,3989.0,0
4339,2274,134,1,2869.0,0
4340,2275,114,1,1769.0,0
4341,2275,141,1,3599.0,0
4342,2276,21,2,1439.0,0
4343,2276,57,1,4689.0,0
4344,2277,50,1,529.0,15
4345,2277,6,1,919.0,0
4346,2278,168,1,149.0,20
4347,2279,167,1,119.0,0
4348,2280,180,2,859.0,0
4349,2281,81,1,1299.0,0
4350,2281,149,1,3149.0,5
4351,2282,86,1,2139.0,0
4352,2282,116,1,1469.0,20
4353,2283,124,1,1869.0,5
4354,2284,4,1,1109.0,0
4355,2284,12,1,2329.0,5
4356,2285,14,1,1849.0,0
4357,2285,58,1,3319.0,5
4358,2285,77,1,699.0,5
4359,2285,156,1,459.0,0
4360,2286,109,1,699.0,0
4361,2286,82,1,2019.0,0
4362,2286,49,1,2809.0,0
4363,2286,158,1,779.0,0
4364,2287,104,3,329.0,5
4365,2288,123,1,319.0,10
4366,2289,157,1,129.0,0
4367,2289,178,1,169.0,0
4368,2289,38,1,3659.0,10
4369,2290,62,1,1169.0,0
4370,2291,41,1,4379.0,0
4371,2291,127,1,3449.0,0
4372,2292,79,1,2119.0,0
4373,2292,1,1,2759.0,15
4374,2292,32,1,4219.0,0
4375,2293,174,1,619.0,0
4376,2293,16,1,3969.0,10
4377,2293,134,1,2869.0,5
4378,2294,27,1,5699.0,0
4379,2295,116,1,1469.0,0
4380,2295,112,1,309.0,20
4381,2296,153,1,689.0,0
4382,2297,118,3,479.0,0
4383,2298,76,1,2759.0,0
4384,2299,177,3,639.0,0
4385,2300,35,1,749.0,0
4386,2301,80,1,949.0,15
4387,2301,28,2,3919.0,0
4388,2301,166,1,389.0,0
4389,2302,179,3,129.0,5
4390,2302,49,1,2809.0,15
4391,2302,61,1,2489.0,0
4392,2303,40,1,2059.0,5
4393,2303,127,1,3449.0,0
4394,2304,46,2,959.0,0
4395,2305,41,1,4379.0,0
4396,2306,60,1,4519.0,0
4397,2307,75,1,449.0,0
4398,2307,52,1,1859.0,5
4399,2307,6,1,919.0,20
4400,2307,152,1,539.0,0
4401,2308,129,1,3769.0,5
4402,2308,128,1,899.0,0
4403,2308,132,1,789.0,5
4404,2308,28,1,3919.0,0
4405,2309,134,3,2869.0,0
4406,2309,35,1,749.0,0
4407,2309,37,3,439.0,0
4408,2309,53,1,4579.0,0
4409,2310,66,1,1439.0,0
4410,2311,10,3,3059.0,10
4411,2311,136,1,3299.0,0
4412,2312,90,1,2839.0,15
4413,2313,83,1,549.0,15
4414,2314,98,1,719.0,10
4415,2315,176,1,509.0,0
4416,2316,35,1,749.0,0
4417,2316,76,1,2759.0,20
4418,2317,100,1,1619.0,0
4419,2317,122,1,3689.0,0
4420,2318,80,1,949.0,0
4421,2318,101,2,1219.0,0
4422,2318,47,1,3909.0,5
4423,2319,116,1,1469.0,10
4424,2320,151,1,149.0,20
4425,2320,141,1,3599.0,20
4426,2320,139,1,3249.0,0
4427,2321,44,1,3769.0,0
4428,2322,143,1,2429.0,0
4429,2323,96,2,309.0,0
4430,2323,110,1,1229.0,10
4431,2324,67,1,629.0,5
4432,2325,14,1,1849.0,15
4433,2326,92,1,1689.0,5
4434,2326,174,1,619.0,0
4435,2327,76,1,2759.0,0
4436,2327,123,1,319.0,5
4437,2328,28,1,3919.0,0
4438,2329,11,1,3989.0,0
4439,2329,40,1,2059.0,0
4440,2330,130,2,2399.0,0
4441,2331,110,1,1229.0,0
4442,2331,44,2,3769.0,0
4443,2332,107,1,1239.0,20
4444,2333,152,1,539.0,0
4445,2334,30,2,1049.0,5
4446,2335,64,1,2519.0,0
4447,2336,179,1,129.0,10
4448,2336,8,1,1759.0,0
4449,2337,150,1,2599.0,0
4450,2337,57,1,4689.0,0
4451,2338,133,1,3549.0,10
4452,2339,40,1,2059.0,10
4453,2340,93,1,589.0,0
4454,2340,114,2,1769.0,0
4455,2340,170,1,489.0,0
4456,2340,17,1,1149.0,10
4457,2341,22,1,989.0,20
4458,2342,93,1,589.0,0
4459,2342,163,1,869.0,0
4460,2343,20,1,4369.0,10
4461,2343,46,1,959.0,0
4462,2344,17,1,1149.0,0
4463,2345,122,1,3689.0,0
4464,2345,157,3,129.0,0
4465,2346,7,1,5139.0,0
4466,2347,142,1,1669.0,0
4467,2348,102,1,429.0,10
4468,2348,5,1,3939.0,0
4469,2348,76,2,2759.0,0
4470,2349,161,3,549.0,5
4471,2349,5,1,3939.0,0
4472,2349,140,2,2889.0,0
4473,2350,127,1,3449.0,0
4474,2350,101,1,1219.0,5
4475,2350,140,1,2889.0,0
4476,2351,88,1,2049.0,0
4477,2351,123,1,319.0,15
4478,2351,50,1,529.0,10
4479,2352,88,1,2049.0,0
4480,2353,87,1,1689.0,0
4481,2354,144,1,2009.0,0
4482,2354,37,1,439.0,0
4483,2354,32,1,4219.0,0
4484,2355,85,1,419.0,15
4485,2356,175,1,409.0,0
4486,2356,46,1,959.0,0
4487,2356,7,1,5139.0,0
4488,2357,1,1,2759.0,0
4489,2357,164,3,549.0,0
4490,2357,171,3,499.0,0
4491,2358,23,3,2159.0,0
4492,2358,135,1,1609.0,0
4493,2358,65,1,329.0,10
4494,2358,129,1,3769.0,0
4495,2359,133,1,3549.0,0
4496,2359,67,1,629.0,0
4497,2360,41,2,4379.0,15
4498,2360,140,1,2889.0,0
4499,2360,167,1,119.0,0
4500,2360,88,2,2049.0,0
4501,2361,97,1,1649.0,5
4502,2362,163,1,869.0,0
4503,2363,169,1,789.0,0
4504,2363,168,3,149.0,0
4505,2363,34,1,1059.0,0
4506,2363,151,1,149.0,0
4507,2364,159,1,439.0,0
4508,2364,67,1,629.0,0
4509,2364,137,1,3509.0,0
4510,2365,86,1,2139.0,15
4511,2365,61,1,2489.0,5
4512,2365,60,2,4519.0,0
4513,2366,163,1,869.0,15
4514,2366,128,1,899.0,0
4515,2366,92,1,1689.0,0
4516,2366,148,1,739.0,0
4517,2367,82,1,2019.0,0
4518,2368,140,1,2889.0,5
4519,2368,27,1,5699.0,0
4520,2369,126,1,1359.0,0
4521,2369,172,1,249.0,0
4522,2369,70,1,1289.0,5
4523,2370,171,2,499.0,0
4524,2370,86,1,2139.0,0
4525,2371,61,1,2489.0,0
4526,2371,137,1,3509.0,0
4527,2372,161,1,549.0,0
4528,2373,134,1,2869.0,5
4529,2374,114,1,1769.0,0
4530,2375,10,1,3059.0,20
4531,2375,143,1,2429.0,0
4532,2375,109,1,699.0,0
4533,2375,141,1,3599.0,5
4534,2376,66,1,1439.0,5
4535,2376,91,3,719.0,15
4536,2376,140,1,2889.0,5
4537,2377,137,1,3509.0,0
4538,2377,15,1,3889.0,15
4539,2377,1,1,2759.0,0
4540,2377,145,1,1329.0,10
4541,2378,39,1,3959.0,0
4542,2378,158,1,779.0,15
4543,2378,73,1,1079.0,0
4544,2379,58,2,3319.0,10
4545,2380,79,1,2119.0,15
4546,2380,1,1,2759.0,0
4547,2381,168,1,149.0,5
4548,2382,127,3,3449.0,5
4549,2383,26,3,5849.0,0
4550,2383,9,2,2389.0,15
4551,2384,81,1,1299.0,0
4552,2384,129,3,3769.0,0
4553,2384,177,1,639.0,0
4554,2384,120,1,1229.0,10
4555,2385,130,2,2399.0,0
4556,2385,50,1,529.0,0
4557,2386,24,1,2429.0,5
4558,2386,86,1,2139.0,0
4559,2387,6,1,919.0,0
4560,2387,127,1,3449.0,0
4561,2388,152,1,539.0,10
4562,2388,157,2,129.0,5
4563,2389,163,1,869.0,0
4564,2389,64,1,2519.0,0
4565,2389,63,1,929.0,10
4566,2390,100,1,1619.0,0
4567,2391,148,1,739.0,0
4568,2391,23,1,2159.0,20
4569,2391,175,1,409.0,0
4570,2392,176,1,509.0,20
4571,2392,29,1,1269.0,0
4572,2393,36,1,3959.0,0
4573,2394,115,1,1629.0,0
4574,2395,137,1,3509.0,0
4575,2395,142,2,1669.0,0
4576,2395,89,1,2179.0,0
4577,2396,9,1,2389.0,0
4578,2396,15,1,3889.0,5
4579,2397,151,1,149.0,0
4580,2397,104,1,329.0,0
4581,2398,10,1,3059.0,0
4582,2398,171,1,499.0,0
4583,2398,53,1,4579.0,0
4584,2398,17,1,1149.0,5
4585,2399,41,1,4379.0,0
4586,2399,170,1,489.0,0
4587,2400,65,1,329.0,10
4588,2401,74,2,1959.0,5
4589,2401,157,1,129.0,0
4590,2402,42,2,1929.0,5
4591,2402,97,1,1649.0,10
4592,2403,43,1,1839.0,0
4593,2403,144,1,2009.0,5
4594,2403,159,1,439.0,10
4595,2404,147,1,3339.0,10
4596,2404,146,3,369.0,15
4597,2404,121,1,3789.0,0
4598,2405,116,1,1469.0,0
4599,2406,159,1,439.0,0
4600,2406,6,3,919.0,0
4601,2407,137,1,3509.0,0
4602,2407,66,1,1439.0,0
4603,2407,104,2,329.0,5
4604,2408,140,1,2889.0,0
4605,2409,59,1,4109.0,0
4606,2410,72,1,1649.0,15
4607,2410,21,1,1439.0,0
4608,2410,104,1,329.0,0
4609,2410,79,1,2119.0,0
4610,2411,30,1,1049.0,0
4611,2411,3,2,1619.0,5
4612,2412,171,1,499.0,0
4613,2412,110,1,1229.0,0
4614,2413,151,1,149.0,0
4615,2413,4,1,1109.0,0
4616,2414,96,1,309.0,5
4617,2415,123,1,319.0,0
4618,2416,1,1,2759.0,10
4619,2417,94,1,1509.0,0
4620,2417,8,1,1759.0,5
4621,2417,86,1,2139.0,5
4622,2417,141,1,3599.0,10
4623,2418,62,1,1169.0,5
4624,2418,6,1,919.0,0
4625,2419,37,3,439.0,20
4626,2420,30,1,1049.0,0
4627,2420,86,1,2139.0,0
4628,2421,132,1,789.0,0
4629,2422,93,2,589.0,5
4630,2423,98,3,719.0,0
4631,2423,46,1,959.0,0
4632,2424,34,1,1059.0,0
4633,2425,161,1,549.0,0
4634,2425,120,2,1229.0,0
4635,2426,27,1,5699.0,0
4636,2427,101,1,1219.0,5
4637,2428,175,2,409.0,0
4638,2429,144,1,2009.0,5
4639,2429,55,1,1459.0,10
4640,2430,161,1,549.0,0
4641,2431,7,1,5139.0,10
4642,2431,38,1,3659.0,0
4643,2431,16,1,3969.0,0
4644,2431,58,1,3319.0,0
4645,2432,6,1,919.0,0
4646,2432,18,2,5829.0,0
4647,2433,172,1,249.0,5
4648,2433,146,1,369.0,0
4649,2434,177,1,639.0,0
4650,2435,125,1,3869.0,5
4651,2435,153,1,689.0,0
4652,2435,109,1,699.0,0
4653,2436,74,2,1959.0,0
4654,2436,92,1,1689.0,0
4655,2436,97,1,1649.0,10
4656,2436,133,1,3549.0,20
4657,2437,93,2,589.0,10
4658,2438,50,1,529.0,0
4659,2438,166,1,389.0,0
4660,2438,9,1,2389.0,5
4661,2439,113,1,599.0,0
4662,2439,9,1,2389.0,10
4663,2439,121,1,3789.0,10
4664,2439,51,1,549.0,0
4665,2440,143,1,2429.0,0
4666,2440,92,1,1689.0,5
4667,2441,153,2,689.0,0
4668,2442,59,2,4109.0,0
4669,2443,123,1,319.0,0
4670,2444,17,1,1149.0,0
4671,2444,126,3,1359.0,0
4672,2445,169,3,789.0,0
4673,2446,114,1,1769.0,5
4674,2446,6,2,919.0,5
4675,2446,27,1,5699.0,5
4676,2447,133,1,3549.0,20
4677,2447,79,1,2119.0,10
4678,2447,6,1,919.0,0
4679,2447,115,1,1629.0,0
4680,2448,58,1,3319.0,0
4681,2448,68,1,2859.0,0
4682,2448,17,1,1149.0,0
4683,2449,122,1,3689.0,0
4684,2449,152,1,539.0,0
4685,2450,28,1,3919.0,0
4686,2450,133,1,3549.0,10
4687,2451,83,1,549.0,0
4688,2451,157,1,129.0,10
4689,2452,165,1,449.0,15
4690,2452,14,1,1849.0,5
4691,2452,168,1,149.0,5
4692,2453,98,1,719.0,5
4693,2454,151,1,149.0,0
4694,2455,138,1,2179.0,0
4695,2455,91,2,719.0,10
4696,2456,33,1,1699.0,0
4697,2457,166,1,389.0,0
4698,2458,164,1,549.0,5
4699,2459,97,1,1649.0,0
4700,2459,8,1,1759.0,0
4701,2460,82,1,2019.0,15
4702,2461,83,1,549.0,10
4703,2461,166,1,389.0,0
4704,2462,98,1,719.0,15
4705,2462,57,1,4689.0,15
4706,2463,149,2,3149.0,0
4707,2464,70,1,1289.0,0
4708,2464,179,1,129.0,0
4709,2464,174,1,619.0,0
4710,2465,11,3,3989.0,10
4711,2465,56,1,1739.0,5
4712,2466,137,1,3509.0,0
4713,2466,29,1,1269.0,0
4714,2467,146,1,369.0,15
4715,2467,35,2,749.0,0
4716,2468,9,1,2389.0,0
4717,2469,116,1,1469.0,0
4718,2470,63,1,929.0,5
4719,2470,159,1,439.0,10
4720,2470,148,1,739.0,20
4721,2471,150,1,2599.0,5
4722,2471,128,1,899.0,20
4723,2471,116,2,1469.0,0
4724,2472,29,1,1269.0,0
4725,2473,113,1,599.0,5
4726,2474,38,1,3659.0,0
4727,2475,34,1,1059.0,0
4728,2475,70,1,1289.0,20
4729,2476,115,3,1629.0,5
4730,2477,161,1,549.0,20
4731,2477,127,1,3449.0,0
4732,2478,74,1,1959.0,5
4733,2479,131,1,2569.0,0
4734,2480,136,1,3299.0,10
4735,2480,132,1,789.0,20
4736,2481,12,1,2329.0,0
4737,2482,134,2,2869.0,0
4738,2483,103,3,1159.0,0
4739,2484,133,2,3549.0,0
4740,2484,138,1,2179.0,0
4741,2484,45,1,4489.0,15
4742,2484,11,1,3989.0,0
4743,2485,155,1,749.0,0
4744,2486,30,1,1049.0,0
4745,2486,84,1,1179.0,10
4746,2487,31,2,2199.0,10
4747,2488,142,1,1669.0,10
4748,2488,19,3,2389.0,0
4749,2488,6,1,919.0,0
4750,2488,138,1,2179.0,0
4751,2489,62,1,1169.0,0
4752,2490,49,1,2809.0,0
4753,2490,135,1,1609.0,5
4754,2491,21,2,1439.0,10
4755,2492,150,1,2599.0,0
4756,2493,171,1,499.0,0
4757,2494,155,1,749.0,10
4758,2494,174,1,619.0,0
4759,2494,176,3,509.0,0
4760,2494,115,1,1629.0,0
4761,2495,161,1,549.0,0
4762,2495,99,1,1359.0,5
4763,2495,70,1,1289.0,5
4764,2496,86,1,2139.0,5
4765,2497,5,1,3939.0,0
4766,2497,144,1,2009.0,0
4767,2498,30,1,1049.0,0
4768,2499,108,1,1339.0,0
4769,2499,109,2,699.0,10
4770,2499,155,1,749.0,0
4771,2500,82,1,2019.0,5
4772,2501,157,1,129.0,0
4773,2502,130,1,2399.0,15
4774,2503,64,1,2519.0,0
4775,2504,99,1,1359.0,0
4776,2504,39,2,3959.0,0
4777,2505,69,2,1709.0,15
4778,2505,53,2,4579.0,0
4779,2506,164,1,549.0,0
4780,2506,79,3,2119.0,5
4781,2506,146,3,369.0,0
4782,2507,165,3,449.0,20
4783,2508,151,1,149.0,5
4784,2509,19,2,2389.0,0
4785,2509,71,2,2909.0,0
4786,2509,56,1,1739.0,0
4787,2510,69,1,1709.0,5
4788,2511,172,1,249.0,0
4789,2512,59,1,4109.0,5
4790,2512,153,2,689.0,0
4791,2512,138,1,2179.0,10
4792,2512,143,1,2429.0,10
4793,2513,62,1,1169.0,15
4794,2513,169,1,789.0,0
4795,2513,104,1,329.0,0
4796,2514,111,1,1249.0,10
4797,2514,117,1,1109.0,0
4798,2514,159,1,439.0,0
4799,2514,34,1,1059.0,15
4800,2515,80,1,949.0,0
4801,2515,33,1,1699.0,0
4802,2515,159,1,439.0,0
4803,2516,175,1,409.0,0
4804,2516,1,1,2759.0,0
4805,2517,65,2,329.0,0
4806,2517,170,3,489.0,0
4807,2517,42,1,1929.0,0
4808,2518,19,1,2389.0,5
4809,2519,96,1,309.0,10
4810,2519,94,1,1509.0,20
4811,2519,18,1,5829.0,10
4812,2520,95,1,1029.0,0
4813,2521,96,1,309.0,0
4814,2521,179,1,129.0,10
4815,2522,78,1,2969.0,0
4816,2522,100,1,1619.0,0
4817,2522,61,1,2489.0,5
4818,2523,155,2,749.0,0
4819,2524,161,1,549.0,10
4820,2524,9,1,2389.0,0
4821,2525,103,1,1159.0,0
4822,2525,28,1,3919.0,0
4823,2525,123,1,319.0,0
4824,2526,26,1,5849.0,0
4825,2527,27,1,5699.0,5
4826,2528,98,1,719.0,10
4827,2528,33,1,1699.0,10
4828,2529,101,1,1219.0,5
4829,2530,149,1,3149.0,0
4830,2531,151,1,149.0,0
4831,2531,159,1,439.0,0
4832,2531,80,1,949.0,0
4833,2532,81,1,1299.0,10
4834,2533,25,1,3649.0,0
4835,2534,176,1,509.0,0
4836,2535,163,1,869.0,0
4837,2535,65,3,329.0,15
4838,2536,109,1,699.0,0
4839,2537,54,1,2299.0,20
4840,2537,125,1,3869.0,20
4841,2538,167,1,119.0,0
4842,2538,169,2,789.0,20
4843,2539,45,1,4489.0,0
4844,2540,58,3,3319.0,0
4845,2541,87,1,1689.0,0
4846,2541,154,1,519.0,0
4847,2542,51,1,549.0,10
4848,2542,149,1,3149.0,0
4849,2542,154,2,519.0,0
4850,2543,24,1,2429.0,0
4851,2543,166,2,389.0,0
4852,2544,136,1,3299.0,15
4853,2544,98,1,719.0,0
4854,2545,83,2,549.0,0
4855,2546,128,1,899.0,10
4856,2547,79,1,2119.0,15
4857,2548,179,1,129.0,15
4858,2548,82,1,2019.0,0
4859,2548,41,1,4379.0,10
4860,2548,81,1,1299.0,0
4861,2549,118,1,479.0,0
4862,2549,34,1,1059.0,10
4863,2550,33,1,1699.0,5
4864,2551,23,2,2159.0,0
4865,2551,166,1,389.0,0
4866,2551,46,1,959.0,10
4867,2552,45,1,4489.0,0
4868,2553,64,2,2519.0,0
4869,2553,152,2,539.0,0
4870,2553,58,1,3319.0,0
4871,2553,81,1,1299.0,0
4872,2554,169,1,789.0,5
4873,2555,169,3,789.0,0
4874,2556,121,1,3789.0,0
4875,2556,90,3,2839.0,10
4876,2556,97,1,1649.0,0
4877,2556,65,1,329.0,20
4878,2557,33,1,1699.0,10
4879,2558,68,1,2859.0,0
4880,2559,70,1,1289.0,15
4881,2559,123,1,319.0,0
4882,2560,118,1,479.0,0
4883,2560,165,1,449.0,0
4884,2561,159,1,439.0,0
4885,2562,62,1,1169.0,20
4886,2562,34,3,1059.0,0
4887,2562,85,1,419.0,15
4888,2563,152,1,539.0,20
4889,2563,135,1,1609.0,0
4890,2563,141,1,3599.0,5
4891,2564,138,3,2179.0,5
4892,2565,129,1,3769.0,0
4893,2566,107,1,1239.0,0
4894,2567,28,1,3919.0,5
4895,2567,90,2,2839.0,0
4896,2567,6,1,919.0,5
4897,2568,121,1,3789.0,0
4898,2569,180,1,859.0,0
4899,2570,162,1,639.0,5
4900,2571,91,1,719.0,5
4901,2571,34,2,1059.0,0
4902,2572,108,1,1339.0,0
4903,2573,127,1,3449.0,0
4904,2574,174,1,619.0,0
4905,2574,4,1,1109.0,0
4906,2574,162,1,639.0,0
4907,2574,136,1,3299.0,0
4908,2575,60,3,4519.0,5
4909,2576,88,2,2049.0,0
4910,2577,42,2,1929.0,5
4911,2577,112,1,309.0,0
4912,2578,89,1,2179.0,0
4913,2579,28,2,3919.0,0
4914,2580,108,1,1339.0,0
4915,2580,125,1,3869.0,10
4916,2580,25,1,3649.0,0
4917,2581,43,1,1839.0,0
4918,2581,75,1,449.0,0
4919,2582,157,1,129.0,0
4920,2582,15,1,3889.0,10
4921,2583,58,2,3319.0,0
4922,2583,63,3,929.0,15
4923,2583,55,1,1459.0,10
4924,2584,34,1,1059.0,0
4925,2584,89,1,2179.0,0
4926,2585,127,1,3449.0,0
4927,2585,53,1,4579.0,0
4928,2586,48,1,3959.0,0
4929,2587,7,1,5139.0,0
4930,2587,69,1,1709.0,0
4931,2587,178,1,169.0,10
4932,2588,136,1,3299.0,0
4933,2588,27,3,5699.0,0
4934,2589,20,1,4369.0,0
4935,2590,111,1,1249.0,0
4936,2591,18,3,5829.0,0
4937,2592,89,1,2179.0,0
4938,2592,85,1,419.0,0
4939,2593,90,1,2839.0,0
4940,2593,10,3,3059.0,0
4941,2593,101,2,1219.0,5
4942,2594,82,1,2019.0,0
4943,2595,135,1,1609.0,0
4944,2595,23,2,2159.0,0
4945,2596,8,1,1759.0,0
4946,2596,100,1,1619.0,0
4947,2597,150,1,2599.0,0
4948,2597,102,3,429.0,0
4949,2598,175,1,409.0,5
4950,2598,47,1,3909.0,0
4951,2599,11,2,3989.0,0
4952,2599,73,1,1079.0,0
4953,2600,175,1,409.0,15
4954,2601,170,1,489.0,0
4955,2601,137,1,3509.0,10
4956,2601,90,1,2839.0,0
4957,2602,164,1,549.0,0
4958,2603,33,1,1699.0,0
4959,2604,99,1,1359.0,0
4960,2604,30,1,1049.0,0
4961,2604,34,3,1059.0,0
4962,2604,5,1,3939.0,0
4963,2605,43,3,1839.0,0
4964,2606,56,1,1739.0,0
4965,2606,127,1,3449.0,5
4966,2607,75,1,449.0,0
4967,2608,74,1,1959.0,15
4968,2609,92,1,1689.0,0
4969,2609,17,1,1149.0,0
4970,2609,9,1,2389.0,0
4971,2610,136,1,3299.0,15
4972,2610,137,1,3509.0,0
4973,2611,42,1,1929.0,0
4974,2611,45,1,4489.0,0
4975,2612,86,2,2139.0,0
4976,2613,134,1,2869.0,5
4977,2613,168,1,149.0,20
4978,2613,92,1,1689.0,5
4979,2613,59,1,4109.0,0
4980,2614,115,2,1629.0,10
4981,2614,134,3,2869.0,0
4982,2614,151,1,149.0,0
4983,2615,148,1,739.0,20
4984,2616,16,2,3969.0,0
4985,2617,17,1,1149.0,0
4986,2617,122,1,3689.0,0
4987,2618,38,1,3659.0,0
4988,2618,85,1,419.0,0
4989,2618,52,1,1859.0,0
4990,2618,43,2,1839.0,0
4991,2619,149,1,3149.0,0
4992,2620,174,1,619.0,0
4993,2621,141,1,3599.0,20
4994,2621,22,1,989.0,20
4995,2622,44,2,3769.0,0
4996,2622,30,1,1049.0,0
4997,2623,137,1,3509.0,0
4998,2624,164,1,549.0,20
4999,2625,119,1,619.0,5
5000,2626,16,1,3969.0,0
5001,2627,46,1,959.0,5
5002,2627,25,1,3649.0,0
5003,2627,43,1,1839.0,0
5004,2627,13,1,3179.0,0
5005,2628,101,1,1219.0,10
5006,2628,162,1,639.0,0
5007,2629,55,1,1459.0,0
5008,2629,172,1,249.0,0
5009,2629,41,1,4379.0,5
5010,2629,81,1,1299.0,0
5011,2630,77,2,699.0,0
5012,2631,53,1,4579.0,10
5013,2632,124,1,1869.0,0
5014,2632,47,1,3909.0,10
5015,2632,69,1,1709.0,5
5016,2632,42,2,1929.0,0
5017,2633,168,1,149.0,0
5018,2634,144,2,2009.0,0
5019,2634,132,3,789.0,15
5020,2635,151,1,149.0,0
5021,2636,145,1,1329.0,20
5022,2636,130,1,2399.0,0
5023,2636,121,1,3789.0,5
5024,2637,141,1,3599.0,0
5025,2637,57,1,4689.0,15
5026,2638,80,1,949.0,10
5027,2639,151,1,149.0,10
5028,2640,116,3,1469.0,5
5029,2640,109,2,699.0,0
5030,2640,94,2,1509.0,0
5031,2641,136,1,3299.0,0
5032,2642,22,1,989.0,0
5033,2642,177,1,639.0,5
5034,2642,54,1,2299.0,20
5035,2643,132,1,789.0,0
5036,2644,93,1,589.0,0
5037,2644,2,1,4619.0,0
5038,2645,7,1,5139.0,0
5039,2645,160,2,229.0,20
5040,2646,48,1,3959.0,0
5041,2646,35,1,749.0,0
5042,2646,83,1,549.0,0
5043,2646,70,1,1289.0,10
5044,2647,162,1,639.0,0
5045,2648,78,1,2969.0,10
5046,2649,138,1,2179.0,0
5047,2649,142,3,1669.0,0
5048,2650,134,1,2869.0,15
5049,2651,119,1,619.0,0
5050,2652,59,1,4109.0,5
5051,2653,178,1,169.0,5
5052,2654,53,1,4579.0,0
5053,2655,54,1,2299.0,0
5054,2656,55,1,1459.0,0
5055,2656,16,1,3969.0,5
5056,2656,4,1,1109.0,0
5057,2657,147,1,3339.0,10
5058,2658,17,1,1149.0,10
5059,2658,154,1,519.0,10
5060,2659,130,1,2399.0,0
5061,2660,97,1,1649.0,0
5062,2660,152,1,539.0,15
5063,2661,67,1,629.0,10
5064,2662,106,1,1069.0,0
5065,2663,167,1,119.0,0
5066,2663,34,1,1059.0,10
5067,2664,149,1,3149.0,0
5068,2665,99,1,1359.0,0
5069,2665,155,1,749.0,0
5070,2666,47,1,3909.0,5
5071,2666,16,1,3969.0,0
5072,2667,2,1,4619.0,0
5073,2668,78,1,2969.0,0
5074,2668,127,1,3449.0,20
5075,2669,123,1,319.0,0
5076,2669,130,1,2399.0,0
5077,2670,87,1,1689.0,5
5078,2671,54,1,2299.0,5
5079,2671,46,1,959.0,0
5080,2672,180,1,859.0,0
5081,2672,51,3,549.0,5
5082,2673,66,1,1439.0,10
5083,2673,98,2,719.0,20
5084,2674,43,1,1839.0,10
5085,2675,169,1,789.0,0
5086,2676,23,1,2159.0,0
5087,2677,22,1,989.0,0
5088,2677,65,1,329.0,0
5089,2677,48,1,3959.0,0
5090,2678,158,1,779.0,0
5091,2679,124,1,1869.0,0
5092,2679,101,1,1219.0,0
5093,2679,109,1,699.0,0
5094,2679,133,1,3549.0,0
5095,2680,92,1,1689.0,0
5096,2680,9,1,2389.0,0
5097,2681,77,1,699.0,15
5098,2682,143,1,2429.0,20
5099,2682,170,1,489.0,5
5100,2683,76,1,2759.0,0
5101,2684,83,1,549.0,0
5102,2684,141,1,3599.0,0
5103,2685,12,1,2329.0,5
5104,2686,74,1,1959.0,0
5105,2687,62,1,1169.0,5
5106,2687,88,1,2049.0,0
5107,2688,73,2,1079.0,0
5108,2689,114,1,1769.0,0
5109,2689,9,1,2389.0,0
5110,2689,85,1,419.0,0
5111,2689,119,1,619.0,5
5112,2690,133,1,3549.0,0
5113,2690,34,1,1059.0,0
5114,2690,149,1,3149.0,0
5115,2690,122,1,3689.0,5
5116,2691,42,1,1929.0,0
5117,2691,147,1,3339.0,0
5118,2692,64,1,2519.0,0
5119,2692,114,1,1769.0,0
5120,2693,92,1,1689.0,5
5121,2694,154,1,519.0,0
5122,2694,173,2,429.0,0
5123,2694,29,1,1269.0,0
5124,2695,89,3,2179.0,15
5125,2696,136,1,3299.0,0
5126,2697,150,1,2599.0,0
5127,2698,161,1,549.0,0
5128,2698,103,1,1159.0,0
5129,2699,13,1,3179.0,0
5130,2699,49,1,2809.0,0
5131,2699,162,1,639.0,5
5132,2699,122,1,3689.0,0
5133,2700,55,1,1459.0,20
5134,2700,139,1,3249.0,0
5135,2701,135,1,1609.0,0
5136,2701,72,1,1649.0,5
5137,2702,99,1,1359.0,0
5138,2702,47,1,3909.0,10
5139,2703,32,1,4219.0,10
5140,2704,79,1,2119.0,10
5141,2704,169,1,789.0,0
5142,2705,171,1,499.0,0
5143,2706,85,1,419.0,0
5144,2706,26,1,5849.0,0
5145,2706,55,1,1459.0,0
5146,2707,67,1,629.0,0
5147,2707,20,1,4369.0,0
5148,2708,14,1,1849.0,0
5149,2708,79,2,2119.0,0
5150,2709,20,1,4369.0,0
5151,2709,89,1,2179.0,0
5152,2709,139,1,3249.0,0
5153,2710,38,3,3659.0,0
5154,2710,60,1,4519.0,0
5155,2710,122,1,3689.0,0
5156,2711,94,1,1509.0,0
5157,2711,70,1,1289.0,0
5158,2711,173,1,429.0,0
5159,2712,144,1,2009.0,5
5160,2713,152,1,539.0,20
5161,2714,29,1,1269.0,10
5162,2714,78,1,2969.0,0
5163,2715,126,1,1359.0,0
5164,2715,8,1,1759.0,0
5165,2715,19,1,2389.0,10
5166,2716,43,1,1839.0,5
5167,2717,70,1,1289.0,10
5168,2717,19,1,2389.0,0
5169,2717,9,2,2389.0,0
5170,2718,179,1,129.0,20
5171,2719,99,1,1359.0,15
5172,2720,71,1,2909.0,0
5173,2721,149,1,3149.0,0
5174,2721,163,2,869.0,0
5175,2721,22,1,989.0,0
5176,2722,89,1,2179.0,0
5177,2722,36,1,3959.0,0
5178,2722,64,2,2519.0,0
5179,2723,149,1,3149.0,0
5180,2723,62,1,1169.0,0
5181,2724,115,1,1629.0,5
5182,2724,70,1,1289.0,0
5183,2724,90,1,2839.0,0
5184,2725,71,1,2909.0,5
5185,2725,45,1,4489.0,0
5186,2725,59,1,4109.0,15
5187,2726,126,1,1359.0,0
5188,2726,104,1,329.0,0
5189,2727,11,1,3989.0,5
5190,2728,64,1,2519.0,10
5191,2728,5,1,3939.0,0
5192,2729,37,1,439.0,0
5193,2730,89,1,2179.0,0
5194,2730,160,1,229.0,0
5195,2730,22,1,989.0,0
5196,2731,16,1,3969.0,20
5197,2732,52,1,1859.0,10
5198,2732,28,2,3919.0,0
5199,2732,69,1,1709.0,0
5200,2733,89,1,2179.0,0
5201,2733,25,1,3649.0,15
5202,2734,61,1,2489.0,0
5203,2735,90,3,2839.0,5
5204,2736,170,1,489.0,0
5205,2737,73,1,1079.0,0
5206,2737,161,1,549.0,0
5207,2738,170,1,489.0,5
5208,2739,68,1,2859.0,0
5209,2739,30,1,1049.0,0
5210,2739,39,1,3959.0,10
5211,2739,153,1,689.0,0
5212,2740,129,1,3769.0,0
5213,2741,91,1,719.0,0
5214,2741,74,2,1959.0,5
5215,2741,109,2,699.0,0
5216,2742,78,1,2969.0,0
5217,2743,147,1,3339.0,0
5218,2743,96,1,309.0,0
5219,2744,113,1,599.0,5
5220,2745,138,1,2179.0,0
5221,2745,35,1,749.0,0
5222,2746,142,1,1669.0,0
5223,2746,120,1,1229.0,20
5224,2746,159,1,439.0,15
5225,2747,85,1,419.0,0
5226,2747,98,1,719.0,0
5227,2748,175,1,409.0,0
5228,2749,156,1,459.0,0
5229,2749,48,1,3959.0,0
5230,2750,43,1,1839.0,10
5231,2751,74,1,1959.0,0
5232,2752,111,1,1249.0,0
5233,2752,164,1,549.0,5
5234,2752,46,1,959.0,0
5235,2753,33,1,1699.0,0
5236,2753,63,1,929.0,10
5237,2754,142,1,1669.0,0
5238,2754,36,1,3959.0,5
5239,2754,118,1,479.0,0
5240,2754,137,1,3509.0,0
5241,2755,65,1,329.0,0
5242,2755,164,1,549.0,10
5243,2756,130,1,2399.0,0
5244,2756,12,2,2329.0,5
5245,2757,37,1,439.0,0
5246,2757,132,1,789.0,5
5247,2757,180,1,859.0,5
5248,2758,173,1,429.0,0
5249,2759,163,1,869.0,20
5250,2760,91,1,719.0,0
5251,2761,79,1,2119.0,0
5252,2762,70,1,1289.0,5
5253,2762,158,1,779.0,0
5254,2762,104,1,329.0,15
5255,2762,133,1,3549.0,0
5256,2763,95,1,1029.0,0
5257,2764,61,1,2489.0,5
5258,2765,37,1,439.0,0
5259,2766,174,3,619.0,5
5260,2766,88,3,2049.0,0
5261,2767,171,1,499.0,5
5262,2767,50,1,529.0,0
5263,2767,72,1,1649.0,15
5264,2767,4,1,1109.0,10
5265,2768,14,1,1849.0,0
5266,2769,66,1,1439.0,5
5267,2769,21,1,1439.0,0
5268,2769,155,3,749.0,0
5269,2770,61,1,2489.0,0
5270,2771,82,1,2019.0,10
5271,2772,40,1,2059.0,0
5272,2773,162,1,639.0,5
5273,2773,53,1,4579.0,15
5274,2774,152,1,539.0,0
5275,2774,31,1,2199.0,10
5276,2774,133,2,3549.0,0
5277,2774,39,1,3959.0,0
5278,2775,77,1,699.0,0
5279,2776,152,1,539.0,0
5280,2777,31,1,2199.0,20
5281,2778,106,1,1069.0,0
5282,2779,26,1,5849.0,5
5283,2780,82,1,2019.0,0
5284,2781,169,1,789.0,15
5285,2782,38,1,3659.0,0
5286,2783,166,1,389.0,0
5287,2783,70,1,1289.0,0
5288,2784,24,2,2429.0,0
5289,2785,94,2,1509.0,5
5290,2786,56,1,1739.0,5
5291,2786,53,1,4579.0,0
5292,2786,107,1,1239.0,0
5293,2787,136,1,3299.0,20
5294,2787,75,1,449.0,0
5295,2788,152,3,539.0,0
5296,2788,136,1,3299.0,0
5297,2788,105,1,169.0,0
5298,2788,25,1,3649.0,15
5299,2789,60,3,4519.0,0
5300,2789,141,3,3599.0,5
5301,2790,127,3,3449.0,0
5302,2790,98,1,719.0,0
5303,2790,91,2,719.0,0
5304,2791,137,1,3509.0,0
5305,2792,141,1,3599.0,0
5306,2792,63,1,929.0,0
5307,2792,40,1,2059.0,0
5308,2793,154,1,519.0,10
5309,2794,120,1,1229.0,5
5310,2794,72,1,1649.0,0
5311,2795,62,1,1169.0,5
5312,2795,78,1,2969.0,0
5313,2795,42,1,1929.0,20
5314,2795,72,1,1649.0,0
5315,2796,143,1,2429.0,0
5316,2797,173,1,429.0,0
5317,2797,61,1,2489.0,0
5318,2798,114,3,1769.0,0
5319,2798,77,1,699.0,0
5320,2799,57,1,4689.0,0
5321,2799,61,1,2489.0,0
5322,2800,9,1,2389.0,0
5323,2801,124,1,1869.0,0
5324,2802,160,1,229.0,0
5325,2803,15,1,3889.0,5
5326,2804,157,1,129.0,10
5327,2804,107,1,1239.0,0
5328,2804,23,1,2159.0,0
5329,2804,40,2,2059.0,10
5330,2805,62,2,1169.0,0
5331,2806,179,3,129.0,0
5332,2806,76,1,2759.0,0
5333,2807,127,1,3449.0,10
5334,2808,67,1,629.0,10
5335,2809,90,1,2839.0,0
5336,2809,52,2,1859.0,10
5337,2809,81,1,1299.0,0
5338,2809,136,1,3299.0,20
5339,2810,65,1,329.0,20
5340,2810,34,1,1059.0,0
5341,2811,56,1,1739.0,20
5342,2812,42,2,1929.0,0
5343,2812,131,1,2569.0,0
5344,2813,39,1,3959.0,0
5345,2813,138,1,2179.0,0
5346,2814,64,1,2519.0,0
5347,2815,49,1,2809.0,0
5348,2816,7,1,5139.0,5
5349,2817,162,1,639.0,0
5350,2818,168,1,149.0,15
5351,2818,136,2,3299.0,0
5352,2819,14,1,1849.0,20
5353,2820,84,1,1179.0,0
5354,2821,95,1,1029.0,0
5355,2821,25,2,3649.0,15
5356,2821,114,1,1769.0,10
5357,2821,115,2,1629.0,0
5358,2822,115,1,1629.0,0
5359,2822,122,1,3689.0,0
5360,2823,148,1,739.0,5
5361,2823,52,1,1859.0,5
5362,2824,145,3,1329.0,20
5363,2824,51,1,549.0,20
5364,2825,53,1,4579.0,0
5365,2825,105,1,169.0,0
5366,2825,151,1,149.0,0
5367,2826,101,1,1219.0,0
5368,2826,49,1,2809.0,0
5369,2826,168,1,149.0,10
5370,2826,6,2,919.0,0
5371,2827,179,1,129.0,0
5372,2828,122,1,3689.0,0
5373,2828,62,1,1169.0,10
5374,2829,32,1,4219.0,0
5375,2830,124,3,1869.0,0
5376,2830,41,1,4379.0,15
5377,2831,160,2,229.0,0
5378,2831,33,2,1699.0,0
5379,2832,174,1,619.0,5
5380,2833,106,1,1069.0,5
5381,2834,37,1,439.0,10
5382,2835,86,2,2139.0,0
5383,2836,90,1,2839.0,0
5384,2837,82,1,2019.0,0
5385,2837,10,2,3059.0,15
5386,2838,72,2,1649.0,5
5387,2838,56,1,1739.0,0
5388,2838,37,1,439.0,0
5389,2839,12,1,2329.0,0
5390,2840,86,1,2139.0,0
5391,2841,113,1,599.0,0
5392,2841,169,1,789.0,0
5393,2842,158,1,779.0,0
5394,2843,107,1,1239.0,0
5395,2844,176,1,509.0,0
5396,2844,22,1,989.0,0
5397,2845,157,3,129.0,0
5398,2845,27,1,5699.0,5
5399,2845,69,1,1709.0,10
5400,2846,92,3,1689.0,0
5401,2846,64,2,2519.0,15
5402,2847,22,3,989.0,5
5403,2848,138,1,2179.0,5
5404,2848,116,2,1469.0,0
5405,2849,131,1,2569.0,0
5406,2849,174,1,619.0,5
5407,2850,176,1,509.0,0
5408,2850,27,1,5699.0,0
5409,2850,73,1,1079.0,10
5410,2850,137,1,3509.0,0
5411,2851,131,1,2569.0,0
5412,2852,109,3,699.0,0
5413,2853,122,3,3689.0,10
5414,2853,120,1,1229.0,5
5415,2853,176,1,509.0,0
5416,2853,34,1,1059.0,0
5417,2854,30,1,1049.0,0
5418,2854,141,1,3599.0,20
5419,2854,78,1,2969.0,10
5420,2854,20,1,4369.0,5
5421,2855,37,1,439.0,0
5422,2855,134,1,2869.0,0
5423,2856,165,1,449.0,10
5424,2856,129,2,3769.0,0
5425,2856,73,1,1079.0,0
5426,2857,51,1,549.0,0
5427,2857,49,1,2809.0,0
5428,2857,143,2,2429.0,0
5429,2858,89,1,2179.0,0
5430,2858,149,1,3149.0,5
5431,2859,29,1,1269.0,15
5432,2860,69,3,1709.0,0
5433,2860,39,1,3959.0,5
5434,2861,135,1,1609.0,5
5435,2861,123,1,319.0,5
5436,2862,19,1,2389.0,10
5437,2862,174,3,619.0,5
5438,2863,158,1,779.0,0
5439,2864,156,1,459.0,0
5440,2865,31,1,2199.0,0
5441,2866,94,1,1509.0,5
5442,2866,171,1,499.0,10
5443,2866,17,1,1149.0,0
5444,2867,33,1,1699.0,0
5445,2868,44,1,3769.0,15
5446,2868,137,1,3509.0,5
5447,2868,46,1,959.0,15
5448,2868,72,1,1649.0,5
5449,2869,173,1,429.0,5
5450,2869,47,1,3909.0,10
5451,2870,168,1,149.0,0
5452,2870,102,1,429.0,0
5453,2871,68,1,2859.0,0
5454,2872,136,1,3299.0,20
5455,2872,101,1,1219.0,0
5456,2872,175,1,409.0,5
5457,2872,155,1,749.0,20
5458,2873,127,1,3449.0,0
5459,2873,163,2,869.0,0
5460,2874,169,1,789.0,0
5461,2875,145,2,1329.0,0
5462,2875,3,1,1619.0,15
5463,2876,5,2,3939.0,0
5464,2877,126,1,1359.0,5
5465,2878,107,1,1239.0,0
5466,2878,13,3,3179.0,0
5467,2879,174,1,619.0,0
5468,2880,166,1,389.0,0
5469,2880,119,1,619.0,10
5470,2880,7,2,5139.0,0
5471,2881,76,1,2759.0,15
5472,2882,85,1,419.0,5
5473,2882,130,1,2399.0,15
5474,2882,88,1,2049.0,0
5475,2882,152,1,539.0,20
5476,2883,29,1,1269.0,10
5477,2884,27,1,5699.0,0
5478,2885,155,1,749.0,0
5479,2885,111,1,1249.0,10
5480,2886,102,1,429.0,0
5481,2886,42,1,1929.0,10
5482,2886,143,1,2429.0,0
5483,2887,17,1,1149.0,0
5484,2888,153,1,689.0,0
5485,2888,96,1,309.0,0
5486,2888,177,2,639.0,0
5487,2888,146,1,369.0,0
5488,2889,5,1,3939.0,5
5489,2889,19,1,2389.0,15
5490,2889,96,2,309.0,0
5491,2889,118,1,479.0,0
5492,2890,86,1,2139.0,5
5493,2890,17,1,1149.0,0
5494,2891,43,1,1839.0,20
5495,2892,25,1,3649.0,0
5496,2892,12,1,2329.0,0
5497,2892,93,1,589.0,0
5498,2893,124,1,1869.0,0
5499,2894,30,1,1049.0,10
5500,2895,118,1,479.0,0
5501,2895,22,1,989.0,5
5502,2896,99,1,1359.0,5
5503,2897,67,1,629.0,0
5504,2897,65,1,329.0,5
5505,2898,162,2,639.0,0
5506,2898,146,1,369.0,10
5507,2899,75,1,449.0,0
5508,2900,162,1,639.0,0
5509,2900,113,1,599.0,0
5510,2900,34,1,1059.0,0
5511,2900,56,1,1739.0,5
5512,2901,93,3,589.0,15
5513,2902,142,1,1669.0,0
5514,2902,138,1,2179.0,0
5515,2903,38,1,3659.0,10
5516,2903,58,1,3319.0,0
5517,2903,103,1,1159.0,5
5518,2904,170,3,489.0,15
5519,2904,73,1,1079.0,0
5520,2904,67,2,629.0,10
5521,2904,121,3,3789.0,10
5522,2905,85,1,419.0,0
5523,2906,12,1,2329.0,5
5524,2906,104,1,329.0,0
5525,2907,44,3,3769.0,5
5526,2908,5,1,3939.0,0
5527,2909,106,1,1069.0,0
5528,2910,135,1,1609.0,0
5529,2911,108,1,1339.0,0
5530,2911,128,1,899.0,5
5531,2912,12,1,2329.0,0
5532,2912,35,1,749.0,0
5533,2913,57,1,4689.0,10
5534,2914,112,1,309.0,0
5535,2915,136,1,3299.0,0
5536,2916,167,1,119.0,0
5537,2917,160,1,229.0,0
5538,2918,146,1,369.0,0
5539,2918,61,2,2489.0,0
5540,2919,28,1,3919.0,0
5541,2920,105,1,169.0,5
5542,2920,76,1,2759.0,5
5543,2920,134,1,2869.0,0
5544,2920,56,1,1739.0,0
5545,2921,19,3,2389.0,15
5546,2921,80,1,949.0,5
5547,2922,143,1,2429.0,0
5548,2922,153,1,689.0,0
5549,2923,117,2,1109.0,0
5550,2923,132,1,789.0,0
5551,2923,57,1,4689.0,0
5552,2923,67,1,629.0,20
5553,2924,134,3,2869.0,0
5554,2925,12,1,2329.0,10
5555,2925,32,3,4219.0,0
5556,2925,19,1,2389.0,0
5557,2925,64,1,2519.0,20
5558,2926,147,1,3339.0,0
5559,2927,148,1,739.0,5
5560,2927,116,1,1469.0,0
5561,2928,116,1,1469.0,10
5562,2928,46,1,959.0,0
5563,2929,73,1,1079.0,0
5564,2929,131,1,2569.0,0
5565,2929,76,1,2759.0,0
5566,2930,37,1,439.0,0
5567,2930,109,1,699.0,20
5568,2930,97,1,1649.0,0
5569,2930,17,1,1149.0,0
5570,2931,79,1,2119.0,10
5571,2932,59,1,4109.0,0
5572,2933,41,1,4379.0,15
5573,2934,34,2,1059.0,5
5574,2935,159,1,439.0,0
5575,2936,103,1,1159.0,0
5576,2937,56,1,1739.0,0
5577,2938,65,1,329.0,0
5578,2939,151,1,149.0,10
5579,2939,92,1,1689.0,10
5580,2940,49,1,2809.0,0
5581,2940,69,1,1709.0,0
5582,2940,74,3,1959.0,0
5583,2941,20,1,4369.0,5
5584,2941,57,1,4689.0,0
5585,2941,121,1,3789.0,0
5586,2942,61,1,2489.0,0
5587,2942,35,1,749.0,0
5588,2942,139,1,3249.0,5
5589,2943,15,2,3889.0,0
5590,2944,26,1,5849.0,0
5591,2944,173,1,429.0,5
5592,2944,140,3,2889.0,0
5593,2945,6,1,919.0,10
5594,2945,93,1,589.0,15
5595,2946,104,1,329.0,0
5596,2947,1,1,2759.0,0
5597,2948,180,1,859.0,10
5598,2948,25,1,3649.0,0
5599,2949,64,1,2519.0,5
5600,2949,145,1,1329.0,0
5601,2949,164,1,549.0,0
5602,2950,129,1,3769.0,0
5603,2950,82,1,2019.0,0
5604,2951,34,1,1059.0,0
5605,2951,103,1,1159.0,0
5606,2952,128,1,899.0,0
5607,2952,31,1,2199.0,0
5608,2952,122,1,3689.0,0
5609,2953,143,1,2429.0,0
5610,2953,104,1,329.0,5
5611,2954,102,1,429.0,5
5612,2955,63,1,929.0,5
5613,2955,100,2,1619.0,0
5614,2956,101,1,1219.0,0
5615,2956,61,1,2489.0,10
5616,2957,101,1,1219.0,0
5617,2957,150,2,2599.0,0
5618,2958,27,2,5699.0,20
5619,2959,83,1,549.0,0
5620,2960,61,1,2489.0,0
5621,2961,117,1,1109.0,0
5622,2962,117,1,1109.0,0
5623,2962,105,1,169.0,0
5624,2963,160,1,229.0,0
5625,2964,83,3,549.0,20
5626,2965,44,1,3769.0,10
5627,2966,95,1,1029.0,10
5628,2966,160,1,229.0,0
5629,2967,35,1,749.0,10
5630,2967,33,1,1699.0,0
5631,2967,149,1,3149.0,0
5632,2968,124,1,1869.0,0
5633,2969,78,2,2969.0,0
5634,2970,157,1,129.0,5
5635,2971,154,1,519.0,0
5636,2971,52,1,1859.0,15
5637,2971,176,1,509.0,0
5638,2971,99,1,1359.0,5
5639,2972,21,1,1439.0,0
5640,2972,2,1,4619.0,0
5641,2973,131,2,2569.0,0
5642,2974,179,1,129.0,0
5643,2975,134,1,2869.0,5
5644,2976,102,1,429.0,0
5645,2976,115,1,1629.0,10
5646,2977,83,1,549.0,5
5647,2977,168,1,149.0,0
5648,2978,89,1,2179.0,0
5649,2978,179,1,129.0,15
5650,2979,40,1,2059.0,0
5651,2980,79,1,2119.0,0
5652,2980,33,1,1699.0,0
5653,2981,45,1,4489.0,5
5654,2981,87,1,1689.0,0
5655,2982,3,1,1619.0,0
5656,2983,156,1,459.0,5
5657,2984,151,1,149.0,15
5658,2985,79,3,2119.0,10
5659,2985,129,1,3769.0,10
5660,2985,4,1,1109.0,0
5661,2986,66,1,1439.0,5
5662,2987,88,1,2049.0,0
5663,2987,140,2,2889.0,0
5664,2987,173,1,429.0,0
5665,2987,61,1,2489.0,15
5666,2988,123,1,319.0,0
5667,2989,95,1,1029.0,5
5668,2989,125,2,3869.0,0
5669,2990,26,1,5849.0,10
5670,2990,82,1,2019.0,0
5671,2990,68,1,2859.0,15
5672,2991,15,1,3889.0,0
5673,2991,7,1,5139.0,0
5674,2992,64,1,2519.0,0
5675,2993,108,1,1339.0,0
5676,2994,158,1,779.0,0
5677,2995,17,1,1149.0,0
5678,2995,142,1,1669.0,0
5679,2996,70,1,1289.0,0
5680,2997,151,1,149.0,5
5681,2997,27,1,5699.0,0
5682,2998,27,1,5699.0,10
5683,2999,133,1,3549.0,5
5684,2999,160,1,229.0,0
5685,2999,1,1,2759.0,0
5686,3000,7,1,5139.0,0
5687,3000,70,1,1289.0,0
5688,3001,45,1,4489.0,0
5689,3001,120,1,1229.0,10
5690,3002,49,1,2809.0,0
5691,3002,170,1,489.0,0
5692,3002,22,1,989.0,10
5693,3003,83,1,549.0,0
5694,3003,50,1,529.0,0
5695,3004,165,1,449.0,0
5696,3004,1,2,2759.0,0
5697,3004,81,1,1299.0,10
5698,3005,4,1,1109.0,5
5699,3006,58,1,3319.0,5
5700,3006,43,1,1839.0,0
5701,3007,112,1,309.0,0
5702,3007,73,1,1079.0,5
5703,3008,140,3,2889.0,0
5704,3008,55,1,1459.0,0
5705,3008,180,1,859.0,0
5706,3009,57,1,4689.0,0
5707,3009,51,1,549.0,0
5708,3010,169,1,789.0,20
5709,3010,80,1,949.0,0
5710,3011,179,2,129.0,5
5711,3012,155,1,749.0,0
5712,3012,84,2,1179.0,0
5713,3013,50,1,529.0,0
5714,3014,125,1,3869.0,0
5715,3015,47,1,3909.0,0
5716,3016,60,1,4519.0,5
5717,3016,27,1,5699.0,0
5718,3017,80,1,949.0,20
5719,3017,56,1,1739.0,0
5720,3018,154,1,519.0,0
5721,3018,18,1,5829.0,5
5722,3019,103,3,1159.0,5
5723,3020,12,1,2329.0,10
5724,3021,92,1,1689.0,15
5725,3022,130,1,2399.0,0
5726,3022,12,3,2329.0,5
5727,3023,42,1,1929.0,15
5728,3024,9,1,2389.0,15
5729,3025,149,1,3149.0,0
5730,3025,142,1,1669.0,0
5731,3025,9,3,2389.0,0
5732,3026,59,2,4109.0,0
5733,3026,71,1,2909.0,0
5734,3027,43,1,1839.0,15
5735,3028,58,1,3319.0,0
5736,3028,52,1,1859.0,0
5737,3028,73,1,1079.0,0
5738,3029,46,1,959.0,0
5739,3029,44,1,3769.0,5
5740,3029,25,1,3649.0,0
5741,3030,178,1,169.0,5
5742,3031,99,1,1359.0,0
5743,3032,120,1,1229.0,15
5744,3032,125,2,3869.0,0
5745,3033,113,1,599.0,10
5746,3034,166,1,389.0,0
5747,3035,130,1,2399.0,0
5748,3035,70,1,1289.0,0
5749,3035,117,1,1109.0,0
5750,3036,69,1,1709.0,0
5751,3037,118,1,479.0,0
5752,3037,21,1,1439.0,10
5753,3037,124,1,1869.0,0
5754,3037,68,1,2859.0,10
5755,3038,72,1,1649.0,0
5756,3038,81,1,1299.0,10
5757,3039,107,1,1239.0,0
5758,3039,48,2,3959.0,5
5759,3040,46,1,959.0,0
5760,3040,18,1,5829.0,15
5761,3040,53,1,4579.0,0
5762,3040,90,1,2839.0,5
5763,3041,166,3,389.0,0
5764,3042,116,1,1469.0,0
5765,3043,61,1,2489.0,0
5766,3044,172,1,249.0,0
5767,3044,26,1,5849.0,15
5768,3044,129,1,3769.0,5
5769,3044,106,1,1069.0,0
5770,3045,18,1,5829.0,0
5771,3045,92,1,1689.0,0
5772,3045,59,1,4109.0,10
5773,3045,160,1,229.0,0
5774,3046,2,1,4619.0,5
5775,3046,169,2,789.0,5
5776,3047,54,3,2299.0,0
5777,3047,138,1,2179.0,0
5778,3047,102,1,429.0,20
5779,3047,82,1,2019.0,10
5780,3048,90,1,2839.0,0
5781,3049,6,1,919.0,0
5782,3050,75,2,449.0,15
5783,3051,52,2,1859.0,5
5784,3052,59,1,4109.0,15
5785,3052,167,1,119.0,10
5786,3052,130,1,2399.0,15
5787,3053,171,1,499.0,0
5788,3054,56,2,1739.0,15
5789,3055,59,1,4109.0,10
5790,3055,98,2,719.0,5
5791,3056,94,1,1509.0,15
5792,3057,112,1,309.0,0
5793,3058,77,1,699.0,0
5794,3058,16,1,3969.0,0
5795,3058,96,1,309.0,0
5796,3058,99,1,1359.0,0
5797,3059,82,1,2019.0,0
5798,3060,154,1,519.0,0
5799,3060,96,1,309.0,0
5800,3060,160,3,229.0,0
5801,3060,58,1,3319.0,0
5802,3061,160,1,229.0,0
5803,3062,141,1,3599.0,0
5804,3062,7,2,5139.0,20
5805,3063,44,1,3769.0,15
5806,3063,46,1,959.0,0
5807,3064,138,1,2179.0,0
5808,3065,163,1,869.0,5
5809,3065,82,2,2019.0,0
5810,3066,11,1,3989.0,5
5811,3066,120,1,1229.0,5
5812,3067,43,1,1839.0,15
5813,3067,148,3,739.0,0
5814,3068,123,1,319.0,5
5815,3068,132,1,789.0,0
5816,3069,155,1,749.0,5
5817,3069,167,1,119.0,0
5818,3069,79,1,2119.0,0
5819,3070,19,1,2389.0,5
5820,3070,66,1,1439.0,5
5821,3070,110,1,1229.0,0
5822,3071,102,2,429.0,5
5823,3072,88,1,2049.0,0
5824,3073,7,1,5139.0,15
5825,3074,47,1,3909.0,0
5826,3074,161,1,549.0,0
5827,3074,89,1,2179.0,0
5828,3074,163,1,869.0,0
5829,3075,66,1,1439.0,15
5830,3076,9,1,2389.0,0
5831,3076,51,3,549.0,0
5832,3077,55,1,1459.0,0
5833,3078,56,2,1739.0,5
5834,3078,38,1,3659.0,0
5835,3078,87,1,1689.0,10
5836,3078,49,1,2809.0,0
5837,3079,113,1,599.0,20
5838,3079,98,1,719.0,0
5839,3079,19,1,2389.0,20
5840,3079,32,1,4219.0,10
5841,3080,44,2,3769.0,15
5842,3080,133,1,3549.0,0
5843,3080,101,1,1219.0,0
5844,3081,64,1,2519.0,0
5845,3081,128,1,899.0,0
5846,3082,48,1,3959.0,0
5847,3082,63,1,929.0,5
5848,3082,38,1,3659.0,0
5849,3083,175,1,409.0,5
5850,3083,158,1,779.0,0
5851,3084,96,1,309.0,0
5852,3085,170,3,489.0,0
5853,3086,121,1,3789.0,10
5854,3087,49,3,2809.0,0
5855,3087,142,1,1669.0,0
5856,3087,2,1,4619.0,0
5857,3087,125,1,3869.0,0
5858,3088,122,1,3689.0,0
5859,3088,51,2,549.0,5
5860,3088,139,1,3249.0,0
5861,3089,32,1,4219.0,20
5862,3089,149,2,3149.0,0
5863,3090,70,1,1289.0,5
5864,3091,39,1,3959.0,15
5865,3092,73,1,1079.0,0
5866,3092,180,1,859.0,15
5867,3092,41,1,4379.0,0
5868,3093,180,1,859.0,15
5869,3093,81,1,1299.0,15
5870,3093,6,1,919.0,0
5871,3094,22,1,989.0,0
5872,3094,160,1,229.0,5
5873,3094,80,2,949.0,5
5874,3095,177,1,639.0,15
5875,3096,56,1,1739.0,0
5876,3097,3,1,1619.0,0
5877,3098,127,1,3449.0,15
5878,3098,177,1,639.0,0
5879,3099,44,1,3769.0,0
5880,3099,75,1,449.0,0
5881,3100,160,3,229.0,5
5882,3100,144,1,2009.0,10
5883,3101,39,1,3959.0,0
5884,3101,179,1,129.0,20
5885,3102,165,1,449.0,15
5886,3102,51,1,549.0,10
5887,3103,32,2,4219.0,0
5888,3103,145,1,1329.0,20
5889,3103,74,1,1959.0,10
5890,3104,134,1,2869.0,0
5891,3104,177,1,639.0,15
5892,3104,146,1,369.0,0
5893,3105,101,1,1219.0,5
5894,3105,15,1,3889.0,5
5895,3106,145,1,1329.0,0
5896,3106,54,1,2299.0,15
5897,3106,1,1,2759.0,0
5898,3107,143,1,2429.0,0
5899,3108,89,1,2179.0,0
5900,3109,52,2,1859.0,5
5901,3110,32,2,4219.0,0
5902,3111,101,1,1219.0,0
5903,3111,89,1,2179.0,5
5904,3112,147,2,3339.0,0
5905,3113,53,3,4579.0,0
5906,3114,155,2,749.0,0
5907,3115,103,1,1159.0,15
5908,3115,163,1,869.0,10
5909,3115,147,1,3339.0,0
5910,3115,122,1,3689.0,0
5911,3116,33,1,1699.0,15
5912,3116,19,1,2389.0,0
5913,3116,165,1,449.0,10
5914,3117,173,1,429.0,20
5915,3118,139,1,3249.0,0
5916,3118,94,1,1509.0,0
5917,3119,29,1,1269.0,5
5918,3120,156,1,459.0,5
5919,3120,27,1,5699.0,0
5920,3120,94,1,1509.0,5
5921,3121,154,1,519.0,0
5922,3121,42,1,1929.0,0
5923,3121,2,1,4619.0,0
5924,3122,176,3,509.0,10
5925,3122,134,1,2869.0,20
5926,3122,145,2,1329.0,0
5927,3123,72,1,1649.0,5
5928,3124,45,1,4489.0,5
5929,3124,176,1,509.0,0
5930,3124,27,1,5699.0,20
5931,3125,170,1,489.0,0
5932,3125,43,2,1839.0,0
5933,3125,27,1,5699.0,0
5934,3126,53,1,4579.0,0
5935,3127,2,1,4619.0,0
5936,3127,13,1,3179.0,0
5937,3128,156,1,459.0,0
5938,3129,74,1,1959.0,0
5939,3129,169,1,789.0,0
5940,3129,102,1,429.0,5
5941,3129,59,1,4109.0,5
5942,3130,171,1,499.0,0
5943,3130,111,1,1249.0,5
5944,3131,14,1,1849.0,0
5945,3132,89,1,2179.0,0
5946,3133,168,1,149.0,0
5947,3134,53,3,4579.0,0
5948,3135,73,1,1079.0,0
5949,3135,32,1,4219.0,5
5950,3136,47,2,3909.0,0
5951,3136,76,3,2759.0,15
5952,3137,171,1,499.0,0
5953,3138,73,1,1079.0,10
5954,3139,28,1,3919.0,10
5955,3139,64,1,2519.0,5
5956,3139,37,1,439.0,0
5957,3140,140,3,2889.0,0
5958,3140,138,1,2179.0,0
5959,3141,14,1,1849.0,0
5960,3142,137,1,3509.0,0
5961,3143,125,1,3869.0,10
5962,3144,151,1,149.0,10
5963,3144,148,2,739.0,0
5964,3144,159,1,439.0,5
5965,3144,42,1,1929.0,0
5966,3145,20,1,4369.0,10
5967,3145,23,1,2159.0,5
5968,3145,33,1,1699.0,0
5969,3145,37,1,439.0,15
5970,3146,52,1,1859.0,10
5971,3146,120,1,1229.0,0
5972,3146,36,3,3959.0,20
5973,3147,167,1,119.0,10
5974,3147,59,1,4109.0,0
5975,3148,20,1,4369.0,0
5976,3149,87,1,1689.0,0
5977,3149,104,1,329.0,5
5978,3150,144,1,2009.0,0
5979,3150,6,1,919.0,0
5980,3151,52,1,1859.0,0
5981,3152,15,1,3889.0,0
5982,3152,28,1,3919.0,5
5983,3153,96,1,309.0,0
5984,3154,53,1,4579.0,5
5985,3155,167,1,119.0,10
5986,3156,174,1,619.0,15
5987,3156,172,1,249.0,0
5988,3157,173,1,429.0,0
5989,3157,47,1,3909.0,0
5990,3157,71,1,2909.0,0
5991,3158,134,1,2869.0,0
5992,3159,57,1,4689.0,5
5993,3160,86,1,2139.0,0
5994,3160,19,2,2389.0,5
5995,3161,2,1,4619.0,0
5996,3161,55,1,1459.0,0
5997,3162,176,1,509.0,0
5998,3162,133,1,3549.0,0
5999,3163,22,1,989.0,10
6000,3163,162,2,639.0,20
6001,3163,34,1,1059.0,0
6002,3164,22,1,989.0,0
6003,3164,139,1,3249.0,0
6004,3165,117,1,1109.0,0
6005,3166,124,1,1869.0,0
6006,3167,162,2,639.0,0
6007,3167,68,1,2859.0,0
6008,3168,7,1,5139.0,10
6009,3168,120,1,1229.0,0
6010,3169,176,1,509.0,0
6011,3169,122,1,3689.0,0
6012,3169,29,1,1269.0,0
6013,3170,53,1,4579.0,0
6014,3170,109,1,699.0,5
6015,3170,127,1,3449.0,0
6016,3170,60,1,4519.0,0
6017,3171,56,1,1739.0,0
6018,3172,6,1,919.0,0
6019,3173,156,1,459.0,20
6020,3173,141,1,3599.0,0
6021,3174,30,1,1049.0,0
6022,3175,176,3,509.0,0
6023,3175,45,3,4489.0,0
6024,3176,7,1,5139.0,0
6025,3176,148,1,739.0,15
6026,3176,134,2,2869.0,0
6027,3177,41,1,4379.0,5
6028,3178,60,1,4519.0,15
6029,3178,88,1,2049.0,15
6030,3179,149,1,3149.0,0
6031,3179,59,1,4109.0,5
6032,3179,34,1,1059.0,0
6033,3180,133,1,3549.0,0
6034,3180,142,1,1669.0,0
6035,3180,26,1,5849.0,5
6036,3180,116,1,1469.0,0
6037,3181,11,1,3989.0,0
6038,3181,16,1,3969.0,5
6039,3182,72,1,1649.0,0
6040,3182,179,1,129.0,0
6041,3182,2,1,4619.0,10
6042,3183,68,1,2859.0,0
6043,3184,28,2,3919.0,15
6044,3184,134,1,2869.0,0
6045,3184,123,3,319.0,0
6046,3184,169,1,789.0,0
6047,3185,163,1,869.0,0
6048,3185,81,1,1299.0,0
6049,3186,78,1,2969.0,0
6050,3186,6,1,919.0,0
6051,3187,57,2,4689.0,15
6052,3188,161,1,549.0,0
6053,3189,107,1,1239.0,10
6054,3189,109,1,699.0,5
6055,3189,139,1,3249.0,0
6056,3190,54,2,2299.0,10
6057,3191,140,1,2889.0,0
6058,3191,175,1,409.0,0
6059,3192,117,1,1109.0,0
6060,3193,27,1,5699.0,0
6061,3193,170,1,489.0,0
6062,3194,103,1,1159.0,5
6063,3194,37,1,439.0,0
6064,3195,11,1,3989.0,0
6065,3196,29,1,1269.0,0
6066,3196,21,2,1439.0,0
6067,3196,130,2,2399.0,5
6068,3197,134,1,2869.0,0
6069,3198,170,1,489.0,10
6070,3198,107,1,1239.0,10
6071,3199,113,1,599.0,0
6072,3200,71,1,2909.0,0
6073,3201,107,3,1239.0,0
6074,3201,101,2,1219.0,0
6075,3201,43,1,1839.0,0
6076,3201,180,1,859.0,5
6077,3202,108,2,1339.0,5
6078,3202,136,1,3299.0,10
6079,3202,57,1,4689.0,20
6080,3203,37,1,439.0,0
6081,3203,146,1,369.0,0
6082,3204,90,1,2839.0,5
6083,3205,111,1,1249.0,0
6084,3205,97,1,1649.0,0
6085,3205,147,1,3339.0,0
6086,3206,22,1,989.0,10
6087,3206,140,1,2889.0,0
6088,3206,10,1,3059.0,5
6089,3207,143,1,2429.0,5
6090,3208,139,1,3249.0,0
6091,3209,142,2,1669.0,0
6092,3209,109,1,699.0,0
6093,3210,168,1,149.0,0
6094,3210,113,1,599.0,0
6095,3210,25,1,3649.0,5
6096,3211,149,1,3149.0,0
6097,3212,31,1,2199.0,0
6098,3213,133,1,3549.0,5
6099,3214,105,1,169.0,0
6100,3214,9,1,2389.0,0
6101,3214,57,1,4689.0,0
6102,3215,77,1,699.0,5
6103,3215,126,2,1359.0,0
6104,3215,100,1,1619.0,0
6105,3216,133,1,3549.0,0
6106,3216,97,1,1649.0,0
6107,3216,7,1,5139.0,0
6108,3216,29,1,1269.0,0
6109,3217,54,1,2299.0,0
6110,3217,14,3,1849.0,0
6111,3218,10,1,3059.0,0
6112,3219,77,1,699.0,0
6113,3219,41,1,4379.0,0
6114,3220,81,1,1299.0,0
6115,3220,142,1,1669.0,10
6116,3220,123,1,319.0,5
6117,3220,179,1,129.0,0
6118,3221,28,1,3919.0,0
6119,3221,33,1,1699.0,0
6120,3222,50,1,529.0,20
6121,3223,102,1,429.0,15
6122,3224,74,1,1959.0,0
6123,3225,84,1,1179.0,15
6124,3226,116,1,1469.0,0
6125,3226,70,1,1289.0,0
6126,3227,44,1,3769.0,0
6127,3227,129,1,3769.0,10
6128,3228,30,1,1049.0,5
6129,3229,69,1,1709.0,0
6130,3230,106,1,1069.0,10
6131,3231,169,1,789.0,0
6132,3231,25,1,3649.0,0
6133,3231,49,1,2809.0,0
6134,3231,108,1,1339.0,5
6135,3232,92,1,1689.0,0
6136,3232,122,1,3689.0,15
6137,3232,5,1,3939.0,5
6138,3233,137,1,3509.0,0
6139,3233,16,1,3969.0,0
6140,3233,84,1,1179.0,5
6141,3233,87,1,1689.0,10
6142,3234,44,1,3769.0,0
6143,3235,80,1,949.0,0
6144,3235,19,1,2389.0,10
6145,3236,129,1,3769.0,5
6146,3236,40,1,2059.0,0
6147,3236,38,1,3659.0,20
6148,3236,70,1,1289.0,5
6149,3237,52,1,1859.0,0
6150,3238,148,1,739.0,0
6151,3239,114,1,1769.0,0
6152,3239,49,1,2809.0,0
6153,3239,106,1,1069.0,5
6154,3240,68,1,2859.0,10
6155,3240,116,2,1469.0,0
6156,3240,98,1,719.0,5
6157,3240,112,1,309.0,0
6158,3241,162,1,639.0,0
6159,3241,99,3,1359.0,0
6160,3241,1,1,2759.0,0
6161,3242,8,1,1759.0,0
6162,3242,46,1,959.0,5
6163,3243,136,1,3299.0,10
6164,3244,167,1,119.0,0
6165,3245,30,2,1049.0,10
6166,3246,92,1,1689.0,15
6167,3246,34,1,1059.0,0
6168,3247,98,1,719.0,0
6169,3248,108,1,1339.0,0
6170,3248,85,1,419.0,0
6171,3248,78,2,2969.0,0
6172,3248,34,1,1059.0,5
6173,3249,17,1,1149.0,0
6174,3249,134,1,2869.0,0
6175,3250,70,1,1289.0,0
6176,3250,9,1,2389.0,0
6177,3251,65,1,329.0,0
6178,3251,118,1,479.0,0
6179,3252,83,1,549.0,0
6180,3253,123,1,319.0,0
6181,3254,138,1,2179.0,0
6182,3254,120,3,1229.0,5
6183,3254,156,1,459.0,5
6184,3255,102,1,429.0,0
6185,3255,87,1,1689.0,15
6186,3255,164,1,549.0,0
6187,3256,66,1,1439.0,5
6188,3257,41,3,4379.0,0
6189,3258,119,1,619.0,10
6190,3258,83,1,549.0,0
6191,3259,98,1,719.0,10
6192,3260,20,1,4369.0,0
6193,3260,139,1,3249.0,0
6194,3261,59,1,4109.0,10
6195,3261,145,1,1329.0,0
6196,3262,59,1,4109.0,0
6197,3263,15,1,3889.0,5
6198,3264,180,1,859.0,0
6199,3264,32,1,4219.0,0
6200,3264,7,1,5139.0,0
6201,3264,90,1,2839.0,20
6202,3265,147,2,3339.0,5
6203,3265,116,2,1469.0,5
6204,3266,112,1,309.0,0
6205,3266,76,1,2759.0,0
6206,3267,159,1,439.0,5
6207,3267,89,1,2179.0,0
6208,3268,142,1,1669.0,0
6209,3269,131,1,2569.0,5
6210,3269,103,3,1159.0,0
6211,3270,125,1,3869.0,10
6212,3271,126,1,1359.0,0
6213,3272,13,1,3179.0,0
6214,3273,160,2,229.0,0
6215,3273,121,2,3789.0,15
6216,3274,129,1,3769.0,0
6217,3274,155,1,749.0,0
6218,3275,13,2,3179.0,0
6219,3275,8,1,1759.0,0
6220,3275,42,1,1929.0,5
6221,3276,49,1,2809.0,0
6222,3276,135,1,1609.0,0
6223,3277,13,3,3179.0,0
6224,3278,48,3,3959.0,10
6225,3279,112,1,309.0,0
6226,3280,162,1,639.0,0
6227,3281,16,1,3969.0,5
6228,3281,150,3,2599.0,0
6229,3282,106,1,1069.0,5
6230,3282,146,1,369.0,0
6231,3283,168,1,149.0,15
6232,3283,6,1,919.0,20
6233,3283,111,1,1249.0,0
6234,3283,115,1,1629.0,0
6235,3284,42,1,1929.0,0
6236,3284,149,1,3149.0,10
6237,3284,47,1,3909.0,5
6238,3285,1,1,2759.0,10
6239,3285,26,1,5849.0,0
6240,3286,130,1,2399.0,10
6241,3287,173,1,429.0,5
6242,3287,165,1,449.0,5
6243,3287,77,2,699.0,0
6244,3288,14,1,1849.0,0
6245,3289,170,1,489.0,5
6246,3289,60,1,4519.0,0
6247,3289,165,1,449.0,0
6248,3290,178,1,169.0,0
6249,3290,37,1,439.0,0
6250,3290,104,1,329.0,5
6251,3291,162,1,639.0,0
6252,3291,25,1,3649.0,5
6253,3292,178,1,169.0,0
6254,3292,126,1,1359.0,0
6255,3292,147,1,3339.0,0
6256,3293,165,1,449.0,0
6257,3293,36,1,3959.0,0
6258,3294,166,2,389.0,0
6259,3294,78,2,2969.0,0
6260,3294,159,1,439.0,5
6261,3295,12,1,2329.0,5
6262,3296,99,1,1359.0,10
6263,3296,12,1,2329.0,15
6264,3297,166,1,389.0,10
6265,3297,65,1,329.0,0
6266,3297,78,1,2969.0,0
6267,3298,74,1,1959.0,0
6268,3299,8,1,1759.0,15
6269,3300,23,1,2159.0,0
6270,3300,70,2,1289.0,15
6271,3301,62,1,1169.0,0
6272,3301,58,1,3319.0,5
6273,3302,19,1,2389.0,0
6274,3302,113,1,599.0,0
6275,3302,146,1,369.0,0
6276,3302,169,1,789.0,0
6277,3303,66,1,1439.0,0
6278,3303,154,1,519.0,5
6279,3304,150,1,2599.0,0
6280,3305,171,1,499.0,10
6281,3306,107,1,1239.0,10
6282,3306,149,1,3149.0,0
6283,3306,56,1,1739.0,0
6284,3307,3,1,1619.0,5
6285,3307,62,1,1169.0,0
6286,3308,45,1,4489.0,0
6287,3309,39,1,3959.0,0
6288,3309,6,1,919.0,0
6289,3310,76,2,2759.0,0
6290,3311,23,1,2159.0,0
6291,3311,111,1,1249.0,5
6292,3311,30,3,1049.0,0
6293,3312,171,1,499.0,5
6294,3312,139,1,3249.0,0
6295,3312,19,1,2389.0,0
6296,3312,150,1,2599.0,0
6297,3313,158,1,779.0,0
6298,3313,128,1,899.0,0
6299,3314,35,1,749.0,0
6300,3315,84,1,1179.0,20
6301,3315,67,2,629.0,5
6302,3315,15,1,3889.0,0
6303,3315,69,1,1709.0,0
6304,3316,134,1,2869.0,0
6305,3316,6,1,919.0,15
6306,3316,128,1,899.0,15
6307,3317,19,2,2389.0,0
6308,3317,53,1,4579.0,10
6309,3317,174,1,619.0,15
6310,3317,11,1,3989.0,0
6311,3318,67,2,629.0,5
6312,3319,90,2,2839.0,0
6313,3319,82,1,2019.0,0
6314,3320,113,1,599.0,0
6315,3321,6,1,919.0,0
6316,3322,6,1,919.0,10
6317,3323,50,1,529.0,0
6318,3323,35,1,749.0,0
6319,3323,102,1,429.0,10
6320,3324,35,1,749.0,0
6321,3324,82,1,2019.0,0
6322,3325,86,1,2139.0,10
6323,3326,93,1,589.0,0
6324,3326,66,1,1439.0,0
6325,3327,92,1,1689.0,0
6326,3328,126,1,1359.0,0
6327,3328,81,1,1299.0,15
6328,3329,23,1,2159.0,10
6329,3329,109,2,699.0,5
6330,3330,4,1,1109.0,0
6331,3331,154,1,519.0,5
6332,3332,175,1,409.0,15
6333,3333,121,1,3789.0,0
6334,3334,51,2,549.0,0
6335,3335,178,1,169.0,10
6336,3336,91,3,719.0,0
6337,3336,37,1,439.0,10
6338,3337,108,1,1339.0,0
6339,3337,54,1,2299.0,5
6340,3338,92,1,1689.0,0
6341,3338,111,3,1249.0,0
6342,3338,57,1,4689.0,0
6343,3338,171,1,499.0,0
6344,3339,98,1,719.0,0
6345,3339,157,1,129.0,0
6346,3340,79,1,2119.0,0
6347,3341,54,1,2299.0,5
6348,3342,109,1,699.0,0
6349,3343,22,1,989.0,5
6350,3343,89,2,2179.0,5
6351,3344,149,1,3149.0,0
6352,3344,135,1,1609.0,0
6353,3345,38,1,3659.0,5
6354,3345,154,1,519.0,20
6355,3345,114,1,1769.0,0
6356,3346,125,1,3869.0,0
6357,3346,156,1,459.0,5
6358,3346,64,2,2519.0,0
6359,3347,154,1,519.0,5
6360,3348,7,1,5139.0,5
6361,3348,129,1,3769.0,15
6362,3349,93,1,589.0,0
6363,3349,101,1,1219.0,10
6364,3350,24,1,2429.0,0
6365,3350,174,1,619.0,0
6366,3350,144,1,2009.0,5
6367,3350,115,1,1629.0,0
6368,3351,133,1,3549.0,0
6369,3352,124,1,1869.0,5
6370,3352,17,1,1149.0,0
6371,3352,51,2,549.0,0
6372,3353,133,1,3549.0,0
6373,3353,176,1,509.0,15
6374,3354,20,1,4369.0,0
6375,3354,83,1,549.0,0
6376,3355,1,1,2759.0,0
6377,3355,70,1,1289.0,0
6378,3356,55,1,1459.0,5
6379,3356,6,1,919.0,0
6380,3357,24,1,2429.0,0
6381,3358,12,1,2329.0,10
6382,3358,151,1,149.0,10
6383,3359,12,1,2329.0,0
6384,3360,85,1,419.0,0
6385,3360,44,1,3769.0,5
6386,3361,60,1,4519.0,0
6387,3361,163,1,869.0,0
6388,3362,180,1,859.0,5
6389,3363,9,1,2389.0,10
6390,3363,75,1,449.0,5
6391,3363,48,1,3959.0,0
6392,3364,55,1,1459.0,20
6393,3364,78,1,2969.0,10
6394,3365,69,1,1709.0,0
6395,3366,79,1,2119.0,0
6396,3367,52,3,1859.0,0
6397,3367,108,1,1339.0,0
6398,3368,8,1,1759.0,5
6399,3369,65,1,329.0,20
6400,3369,73,1,1079.0,0
6401,3370,151,1,149.0,0
6402,3370,147,1,3339.0,0
6403,3370,47,1,3909.0,0
6404,3370,154,1,519.0,0
6405,3371,127,1,3449.0,15
6406,3372,29,1,1269.0,0
6407,3373,102,1,429.0,0
6408,3373,2,1,4619.0,5
6409,3374,120,1,1229.0,10
6410,3375,50,1,529.0,0
6411,3375,87,1,1689.0,0
6412,3376,19,1,2389.0,0
6413,3377,134,2,2869.0,0
6414,3378,13,3,3179.0,5
6415,3378,71,1,2909.0,20
6416,3378,178,1,169.0,0
6417,3378,164,1,549.0,0
6418,3379,117,1,1109.0,0
6419,3379,179,2,129.0,0
6420,3379,125,2,3869.0,0
6421,3379,80,1,949.0,10
6422,3380,18,1,5829.0,0
6423,3380,67,3,629.0,0
6424,3381,160,1,229.0,15
6425,3382,79,1,2119.0,15
6426,3382,164,1,549.0,0
6427,3382,75,1,449.0,5
6428,3382,61,1,2489.0,0
6429,3383,141,1,3599.0,5
6430,3383,159,1,439.0,0
6431,3384,173,1,429.0,15
6432,3384,51,1,549.0,0
6433,3384,158,1,779.0,0
6434,3385,113,1,599.0,0
6435,3386,16,3,3969.0,0
6436,3386,35,1,749.0,20
6437,3386,7,2,5139.0,10
6438,3386,75,1,449.0,0
6439,3387,34,1,1059.0,5
6440,3388,128,1,899.0,15
6441,3388,112,1,309.0,0
6442,3389,7,1,5139.0,5
6443,3390,54,1,2299.0,0
6444,3391,69,1,1709.0,10
6445,3392,18,1,5829.0,0
6446,3392,23,1,2159.0,5
6447,3393,86,1,2139.0,5
6448,3393,53,1,4579.0,0
6449,3393,136,1,3299.0,0
6450,3394,134,2,2869.0,10
6451,3394,17,1,1149.0,0
6452,3394,83,1,549.0,0
6453,3395,135,2,1609.0,0
6454,3395,103,1,1159.0,0
6455,3396,111,1,1249.0,15
6456,3397,18,1,5829.0,20
6457,3397,152,1,539.0,0
6458,3397,107,1,1239.0,0
6459,3398,160,1,229.0,5
6460,3399,76,1,2759.0,5
6461,3400,95,1,1029.0,5
6462,3401,70,2,1289.0,0
6463,3401,52,1,1859.0,0
6464,3402,137,1,3509.0,0
6465,3402,38,1,3659.0,0
6466,3402,151,1,149.0,0
6467,3403,15,1,3889.0,0
6468,3404,93,1,589.0,0
6469,3404,7,1,5139.0,0
6470,3404,154,1,519.0,0
6471,3405,164,1,549.0,10
6472,3406,90,1,2839.0,0
6473,3406,131,3,2569.0,0
6474,3406,108,1,1339.0,0
6475,3407,28,1,3919.0,0
6476,3407,73,1,1079.0,0
6477,3407,74,1,1959.0,0
6478,3408,104,1,329.0,0
6479,3409,158,1,779.0,20
6480,3409,20,1,4369.0,20
6481,3409,16,1,3969.0,0
6482,3410,118,1,479.0,5
6483,3410,107,1,1239.0,0
6484,3410,137,1,3509.0,0
6485,3411,162,1,639.0,0
6486,3412,56,2,1739.0,0
6487,3413,14,1,1849.0,0
6488,3414,119,1,619.0,15
6489,3414,85,2,419.0,5
6490,3414,38,1,3659.0,5
6491,3415,168,1,149.0,0
6492,3415,59,1,4109.0,0
6493,3415,147,1,3339.0,10
6494,3415,52,1,1859.0,0
6495,3416,18,2,5829.0,15
6496,3416,151,1,149.0,0
6497,3417,123,1,319.0,0
6498,3417,46,1,959.0,0
6499,3418,141,1,3599.0,0
6500,3418,32,1,4219.0,5
6501,3418,64,2,2519.0,0
6502,3418,170,1,489.0,0
6503,3419,129,1,3769.0,0
6504,3419,167,1,119.0,0
6505,3420,90,2,2839.0,0
6506,3420,75,1,449.0,0
6507,3421,111,2,1249.0,0
6508,3422,74,1,1959.0,15
6509,3422,108,1,1339.0,15
6510,3423,38,1,3659.0,0
6511,3423,168,1,149.0,0
6512,3424,162,1,639.0,0
6513,3424,47,1,3909.0,20
6514,3424,25,1,3649.0,0
6515,3424,22,3,989.0,5
6516,3425,149,1,3149.0,0
6517,3426,24,3,2429.0,0
6518,3427,54,1,2299.0,15
6519,3428,180,1,859.0,0
6520,3429,156,1,459.0,15
6521,3430,90,1,2839.0,15
6522,3431,77,2,699.0,0
6523,3431,105,1,169.0,10
6524,3432,18,1,5829.0,5
6525,3432,113,1,599.0,0
6526,3433,163,3,869.0,0
6527,3434,122,1,3689.0,0
6528,3434,40,1,2059.0,0
6529,3435,144,2,2009.0,15
6530,3435,96,1,309.0,0
6531,3436,95,2,1029.0,5
6532,3437,50,1,529.0,15
6533,3438,105,1,169.0,10
6534,3438,56,2,1739.0,0
6535,3439,141,1,3599.0,15
6536,3440,146,1,369.0,5
6537,3440,26,1,5849.0,0
6538,3440,54,1,2299.0,10
6539,3441,90,1,2839.0,0
6540,3441,13,2,3179.0,0
6541,3442,100,1,1619.0,15
6542,3442,56,1,1739.0,5
6543,3443,15,1,3889.0,0
6544,3444,133,1,3549.0,0
6545,3444,116,1,1469.0,0
6546,3445,90,1,2839.0,15
6547,3446,155,1,749.0,0
6548,3447,132,1,789.0,0
6549,3447,115,1,1629.0,0
6550,3448,161,1,549.0,0
6551,3449,123,1,319.0,0
6552,3450,13,3,3179.0,0
6553,3450,106,1,1069.0,5
6554,3451,175,1,409.0,0
6555,3451,141,1,3599.0,0
6556,3451,140,2,2889.0,10
6557,3452,114,1,1769.0,5
6558,3453,147,1,3339.0,0
6559,3453,49,1,2809.0,0
6560,3454,75,1,449.0,0
6561,3455,135,1,1609.0,0
6562,3456,149,1,3149.0,0
6563,3457,42,1,1929.0,5
6564,3457,2,2,4619.0,5
6565,3458,104,3,329.0,0
6566,3458,118,1,479.0,0
6567,3458,148,1,739.0,0
6568,3459,175,1,409.0,10
6569,3460,153,1,689.0,0
6570,3461,173,1,429.0,5
6571,3461,141,1,3599.0,0
6572,3461,137,1,3509.0,10
6573,3462,23,1,2159.0,0
6574,3462,110,1,1229.0,10
6575,3462,137,1,3509.0,0
6576,3462,65,1,329.0,5
6577,3463,43,1,1839.0,0
6578,3464,121,1,3789.0,5
6579,3465,135,1,1609.0,5
6580,3466,46,1,959.0,0
6581,3467,64,1,2519.0,0
6582,3468,124,1,1869.0,0
6583,3469,138,1,2179.0,0
6584,3470,86,1,2139.0,15
6585,3471,119,1,619.0,5
6586,3471,154,1,519.0,0
6587,3471,139,1,3249.0,0
6588,3471,164,1,549.0,0
6589,3472,111,1,1249.0,10
6590,3472,125,1,3869.0,0
6591,3473,66,1,1439.0,15
6592,3474,174,1,619.0,0
6593,3475,83,1,549.0,0
6594,3475,172,1,249.0,5
6595,3476,37,1,439.0,0
6596,3477,118,1,479.0,0
6597,3477,44,1,3769.0,0
6598,3478,108,1,1339.0,0
6599,3478,98,1,719.0,0
6600,3478,149,3,3149.0,0
6601,3479,1,2,2759.0,10
6602,3479,152,1,539.0,10
6603,3479,76,3,2759.0,0
6604,3480,137,1,3509.0,0
6605,3481,144,1,2009.0,0
6606,3482,177,1,639.0,0
6607,3483,12,1,2329.0,5
6608,3484,124,1,1869.0,5
6609,3485,131,2,2569.0,0
6610,3485,39,1,3959.0,0
6611,3486,153,1,689.0,0
6612,3487,29,1,1269.0,0
6613,3488,133,1,3549.0,0
6614,3488,21,1,1439.0,10
6615,3489,22,2,989.0,0
6616,3489,62,1,1169.0,0
6617,3490,133,1,3549.0,0
6618,3490,141,2,3599.0,0
6619,3490,168,2,149.0,10
6620,3491,10,1,3059.0,0
6621,3492,45,1,4489.0,5
6622,3493,77,1,699.0,0
6623,3494,127,1,3449.0,0
6624,3495,141,1,3599.0,0
6625,3496,102,1,429.0,0
6626,3496,55,1,1459.0,0
6627,3497,135,1,1609.0,0
6628,3498,138,2,2179.0,0
6629,3498,63,3,929.0,5
6630,3499,61,1,2489.0,0
6631,3499,49,2,2809.0,0
6632,3499,42,2,1929.0,10
6633,3499,151,1,149.0,10
6634,3500,168,1,149.0,0
6635,3501,160,1,229.0,5
6636,3501,168,1,149.0,0
6637,3501,40,1,2059.0,0
6638,3501,159,1,439.0,0
6639,3502,106,3,1069.0,5
6640,3503,134,1,2869.0,0
6641,3504,83,2,549.0,5
6642,3504,105,1,169.0,5
6643,3504,166,2,389.0,20
6644,3505,87,1,1689.0,0
6645,3505,14,1,1849.0,5
6646,3505,62,2,1169.0,0
6647,3505,10,1,3059.0,20
6648,3506,37,1,439.0,0
6649,3506,98,1,719.0,0
6650,3507,69,1,1709.0,20
6651,3508,144,1,2009.0,0
6652,3508,12,1,2329.0,10
6653,3508,136,2,3299.0,5
6654,3509,75,1,449.0,15
6655,3510,108,1,1339.0,20
6656,3511,160,1,229.0,0
6657,3511,162,1,639.0,0
6658,3512,70,1,1289.0,0
6659,3512,117,1,1109.0,0
6660,3512,45,1,4489.0,0
6661,3513,4,1,1109.0,10
6662,3514,12,1,2329.0,0
6663,3515,160,1,229.0,10
6664,3515,150,1,2599.0,0
6665,3515,126,1,1359.0,0
6666,3515,79,1,2119.0,0
6667,3516,69,3,1709.0,0
6668,3517,120,1,1229.0,0
6669,3518,12,1,2329.0,5
6670,3519,52,2,1859.0,5
6671,3519,81,1,1299.0,0
6672,3519,94,3,1509.0,0
6673,3519,179,1,129.0,0
6674,3520,167,1,119.0,0
6675,3521,28,1,3919.0,15
6676,3521,94,1,1509.0,0
6677,3522,38,1,3659.0,0
6678,3523,130,1,2399.0,5
6679,3523,106,1,1069.0,5
6680,3523,34,1,1059.0,5
6681,3523,21,1,1439.0,15
6682,3524,11,1,3989.0,5
